system,num_performances,performances,num_configs,selected_configs,fold,train_cost,train_wcp_mean,train_wcp_max,test_wcp_mean,test_wcp_max,optimization_target,input_to_config_map
gcc,1,['exec'],1,[56],1,3751028285.0,0.14887391625953766,0.3751134970544266,0.11283719770761548,0.2991130462828544,both,"{'3mm': 56, 'adi': 56, 'atax': 56, 'bicg': 56, 'covariance': 56, 'durbin': 56, 'dynprog': 56, 'floyd-warshall': 56, 'gemver': 56, 'jacobi-1d-imper': 56, 'jacobi-2d-imper': 56, 'ludcmp': 56, 'mvt': 56, 'reg_detect': 56, 'seidel-2d': 56, 'symm': 56, 'syr2k': 56, 'syrk': 56, 'trmm': 56}"
gcc,1,['exec'],2,"[4, 50]",1,498001919.0,0.010106685003385362,0.04982937920569731,0.015984796357357244,0.06935741464654314,both,"{'3mm': 50, 'adi': 50, 'atax': 50, 'bicg': 50, 'covariance': 50, 'durbin': 4, 'dynprog': 4, 'floyd-warshall': 50, 'gemver': 50, 'jacobi-1d-imper': 50, 'jacobi-2d-imper': 50, 'ludcmp': 50, 'mvt': 50, 'reg_detect': 50, 'seidel-2d': 50, 'symm': 50, 'syr2k': 50, 'syrk': 50, 'trmm': 50}"
gcc,1,['exec'],3,"[4, 14, 50]",1,302000568.0,0.002995783400334351,0.03016836729094018,0.014494683864662248,0.06935741464654314,both,"{'3mm': 14, 'adi': 50, 'atax': 14, 'bicg': 50, 'covariance': 14, 'durbin': 4, 'dynprog': 4, 'floyd-warshall': 14, 'gemver': 14, 'jacobi-1d-imper': 14, 'jacobi-2d-imper': 50, 'ludcmp': 50, 'mvt': 50, 'reg_detect': 50, 'seidel-2d': 14, 'symm': 50, 'syr2k': 50, 'syrk': 14, 'trmm': 14}"
gcc,1,['exec'],4,"[4, 50, 62, 63]",1,68000368.0,0.0019382476314247458,0.006774178421166108,0.008039039148174913,0.025999438862056117,both,"{'3mm': 63, 'adi': 50, 'atax': 63, 'bicg': 63, 'covariance': 50, 'durbin': 4, 'dynprog': 4, 'floyd-warshall': 63, 'gemver': 63, 'jacobi-1d-imper': 63, 'jacobi-2d-imper': 63, 'ludcmp': 50, 'mvt': 50, 'reg_detect': 50, 'seidel-2d': 63, 'symm': 62, 'syr2k': 63, 'syrk': 63, 'trmm': 63}"
gcc,1,['exec'],5,"[4, 14, 50, 62, 73]",1,39000115.0,0.000611155795979003,0.003876340880189925,0.00785264916316749,0.025999438862056117,both,"{'3mm': 14, 'adi': 50, 'atax': 14, 'bicg': 50, 'covariance': 14, 'durbin': 4, 'dynprog': 73, 'floyd-warshall': 73, 'gemver': 14, 'jacobi-1d-imper': 14, 'jacobi-2d-imper': 50, 'ludcmp': 50, 'mvt': 50, 'reg_detect': 50, 'seidel-2d': 14, 'symm': 62, 'syr2k': 73, 'syrk': 14, 'trmm': 14}"
gcc,1,['exec'],6,"[4, 13, 14, 50, 62, 73]",1,16000048.0,0.0002554843253096395,0.0015866658921862226,0.005544538639892775,0.024401988252705405,both,"{'3mm': 14, 'adi': 50, 'atax': 14, 'bicg': 50, 'covariance': 14, 'durbin': 4, 'dynprog': 73, 'floyd-warshall': 73, 'gemver': 13, 'jacobi-1d-imper': 13, 'jacobi-2d-imper': 13, 'ludcmp': 50, 'mvt': 50, 'reg_detect': 50, 'seidel-2d': 13, 'symm': 62, 'syr2k': 73, 'syrk': 13, 'trmm': 14}"
gcc,1,['exec'],7,"[4, 14, 39, 47, 50, 62, 73]",1,5000020.0,0.0001065612101878384,0.0005436998776675323,0.00028696895291246765,0.0014053652130559574,both,"{'3mm': 14, 'adi': 50, 'atax': 14, 'bicg': 50, 'covariance': 14, 'durbin': 4, 'dynprog': 73, 'floyd-warshall': 73, 'gemver': 39, 'jacobi-1d-imper': 39, 'jacobi-2d-imper': 39, 'ludcmp': 50, 'mvt': 50, 'reg_detect': 50, 'seidel-2d': 39, 'symm': 62, 'syr2k': 47, 'syrk': 47, 'trmm': 14}"
gcc,1,['exec'],8,"[4, 13, 14, 39, 50, 62, 73, 76]",1,4000010.0,5.805257810283431e-05,0.0004369016874113714,0.005083168047849403,0.024401988252705405,both,"{'3mm': 14, 'adi': 50, 'atax': 14, 'bicg': 76, 'covariance': 14, 'durbin': 4, 'dynprog': 73, 'floyd-warshall': 73, 'gemver': 13, 'jacobi-1d-imper': 39, 'jacobi-2d-imper': 13, 'ludcmp': 50, 'mvt': 50, 'reg_detect': 50, 'seidel-2d': 39, 'symm': 62, 'syr2k': 73, 'syrk': 76, 'trmm': 14}"
gcc,1,['exec'],9,"[4, 13, 14, 39, 47, 50, 62, 73, 77]",1,2000005.0,2.7390324365608775e-05,0.00021995610519804412,0.00028696895291246765,0.0014053652130559574,both,"{'3mm': 14, 'adi': 50, 'atax': 14, 'bicg': 77, 'covariance': 14, 'durbin': 4, 'dynprog': 73, 'floyd-warshall': 73, 'gemver': 13, 'jacobi-1d-imper': 39, 'jacobi-2d-imper': 13, 'ludcmp': 50, 'mvt': 50, 'reg_detect': 50, 'seidel-2d': 39, 'symm': 62, 'syr2k': 47, 'syrk': 47, 'trmm': 14}"
gcc,1,['exec'],10,"[4, 11, 13, 14, 39, 47, 50, 62, 73, 77]",1,1000003.0,1.9313375005611104e-05,0.0001272344917340571,0.00021698029294590248,0.0014053652130559574,both,"{'3mm': 14, 'adi': 11, 'atax': 14, 'bicg': 77, 'covariance': 14, 'durbin': 4, 'dynprog': 73, 'floyd-warshall': 73, 'gemver': 13, 'jacobi-1d-imper': 39, 'jacobi-2d-imper': 13, 'ludcmp': 50, 'mvt': 50, 'reg_detect': 50, 'seidel-2d': 39, 'symm': 62, 'syr2k': 11, 'syrk': 47, 'trmm': 14}"
gcc,1,['exec'],11,"[4, 5, 13, 14, 17, 39, 47, 50, 62, 73, 77]",1,1000001.0,6.496745063449064e-06,0.0001222088374447813,7.981154722601037e-05,0.0004451839930167127,both,"{'3mm': 14, 'adi': 5, 'atax': 14, 'bicg': 77, 'covariance': 14, 'durbin': 4, 'dynprog': 73, 'floyd-warshall': 73, 'gemver': 13, 'jacobi-1d-imper': 39, 'jacobi-2d-imper': 13, 'ludcmp': 50, 'mvt': 50, 'reg_detect': 50, 'seidel-2d': 39, 'symm': 62, 'syr2k': 17, 'syrk': 47, 'trmm': 14}"
gcc,1,['exec'],12,"[4, 5, 13, 14, 17, 39, 47, 50, 62, 64, 73, 77]",1,0.0,6.470098740794272e-08,1.2293187607509118e-06,7.981154722601037e-05,0.0004451839930167127,both,"{'3mm': 14, 'adi': 5, 'atax': 14, 'bicg': 77, 'covariance': 14, 'durbin': 4, 'dynprog': 73, 'floyd-warshall': 73, 'gemver': 13, 'jacobi-1d-imper': 39, 'jacobi-2d-imper': 13, 'ludcmp': 50, 'mvt': 50, 'reg_detect': 64, 'seidel-2d': 39, 'symm': 62, 'syr2k': 17, 'syrk': 47, 'trmm': 14}"
gcc,1,['exec'],13,"[4, 5, 13, 14, 17, 22, 39, 47, 50, 62, 64, 73, 77]",1,0.0,0.0,0.0,7.981154722601037e-05,0.0004451839930167127,both,"{'3mm': 14, 'adi': 5, 'atax': 14, 'bicg': 77, 'covariance': 14, 'durbin': 4, 'dynprog': 73, 'floyd-warshall': 73, 'gemver': 13, 'jacobi-1d-imper': 39, 'jacobi-2d-imper': 13, 'ludcmp': 50, 'mvt': 50, 'reg_detect': 64, 'seidel-2d': 39, 'symm': 62, 'syr2k': 22, 'syrk': 47, 'trmm': 14}"
gcc,1,['exec'],1,[56],2,3751027916.0,0.1469325343961304,0.3751134970544266,0.11810666276543524,0.26734194581088927,both,"{'2mm': 56, 'bicg': 56, 'durbin': 56, 'dynprog': 56, 'fdtd-2d': 56, 'fdtd-apml': 56, 'floyd-warshall': 56, 'gemm': 56, 'gesummv': 56, 'jacobi-1d-imper': 56, 'lu': 56, 'ludcmp': 56, 'mvt': 56, 'reg_detect': 56, 'seidel-2d': 56, 'symm': 56, 'syr2k': 56, 'trisolv': 56, 'trmm': 56}"
gcc,1,['exec'],2,"[4, 50]",2,694002147.0,0.011296938662363603,0.06935741464654314,0.012754107854416302,0.04982937920569731,both,"{'2mm': 50, 'bicg': 50, 'durbin': 4, 'dynprog': 4, 'fdtd-2d': 50, 'fdtd-apml': 50, 'floyd-warshall': 50, 'gemm': 50, 'gesummv': 50, 'jacobi-1d-imper': 50, 'lu': 50, 'ludcmp': 50, 'mvt': 50, 'reg_detect': 50, 'seidel-2d': 50, 'symm': 50, 'syr2k': 50, 'trisolv': 50, 'trmm': 50}"
gcc,1,['exec'],3,"[4, 50, 62]",2,260001381.0,0.007271915618087894,0.025999438862056117,0.012754107854416302,0.04982937920569731,both,"{'2mm': 62, 'bicg': 50, 'durbin': 4, 'dynprog': 4, 'fdtd-2d': 50, 'fdtd-apml': 50, 'floyd-warshall': 50, 'gemm': 50, 'gesummv': 62, 'jacobi-1d-imper': 50, 'lu': 50, 'ludcmp': 50, 'mvt': 50, 'reg_detect': 50, 'seidel-2d': 50, 'symm': 62, 'syr2k': 50, 'trisolv': 50, 'trmm': 50}"
gcc,1,['exec'],4,"[4, 13, 50, 62]",2,244000514.0,0.0027131655750003984,0.024401988252705405,0.006471196091286503,0.03670994530658767,both,"{'2mm': 62, 'bicg': 50, 'durbin': 4, 'dynprog': 4, 'fdtd-2d': 50, 'fdtd-apml': 50, 'floyd-warshall': 13, 'gemm': 13, 'gesummv': 62, 'jacobi-1d-imper': 13, 'lu': 13, 'ludcmp': 50, 'mvt': 50, 'reg_detect': 50, 'seidel-2d': 13, 'symm': 62, 'syr2k': 13, 'trisolv': 13, 'trmm': 13}"
gcc,1,['exec'],5,"[4, 39, 47, 50, 62]",2,57000128.0,0.0006761868661646931,0.005718208698143938,0.00566341281863362,0.031018981657453763,both,"{'2mm': 47, 'bicg': 50, 'durbin': 4, 'dynprog': 4, 'fdtd-2d': 50, 'fdtd-apml': 50, 'floyd-warshall': 47, 'gemm': 47, 'gesummv': 62, 'jacobi-1d-imper': 39, 'lu': 39, 'ludcmp': 50, 'mvt': 50, 'reg_detect': 50, 'seidel-2d': 39, 'symm': 62, 'syr2k': 47, 'trisolv': 47, 'trmm': 47}"
gcc,1,['exec'],6,"[4, 39, 47, 50, 62, 73]",2,14000031.0,0.00016659509506717919,0.0014053652130559574,0.00566341281863362,0.031018981657453763,both,"{'2mm': 47, 'bicg': 50, 'durbin': 4, 'dynprog': 73, 'fdtd-2d': 50, 'fdtd-apml': 50, 'floyd-warshall': 73, 'gemm': 47, 'gesummv': 62, 'jacobi-1d-imper': 39, 'lu': 39, 'ludcmp': 50, 'mvt': 50, 'reg_detect': 50, 'seidel-2d': 39, 'symm': 62, 'syr2k': 47, 'trisolv': 47, 'trmm': 47}"
gcc,1,['exec'],7,"[4, 17, 39, 47, 50, 62, 73]",2,5000015.0,8.331156271986615e-05,0.0005436998776675323,0.00566341281863362,0.031018981657453763,both,"{'2mm': 17, 'bicg': 50, 'durbin': 4, 'dynprog': 73, 'fdtd-2d': 50, 'fdtd-apml': 50, 'floyd-warshall': 73, 'gemm': 47, 'gesummv': 62, 'jacobi-1d-imper': 39, 'lu': 39, 'ludcmp': 50, 'mvt': 50, 'reg_detect': 50, 'seidel-2d': 39, 'symm': 62, 'syr2k': 17, 'trisolv': 47, 'trmm': 47}"
gcc,1,['exec'],8,"[4, 11, 17, 39, 47, 50, 62, 73]",2,5000010.0,5.7526266942710555e-05,0.0005436998776675323,0.005648777774452153,0.031018981657453763,both,"{'2mm': 17, 'bicg': 50, 'durbin': 4, 'dynprog': 73, 'fdtd-2d': 11, 'fdtd-apml': 50, 'floyd-warshall': 73, 'gemm': 47, 'gesummv': 62, 'jacobi-1d-imper': 39, 'lu': 39, 'ludcmp': 50, 'mvt': 50, 'reg_detect': 50, 'seidel-2d': 39, 'symm': 62, 'syr2k': 17, 'trisolv': 47, 'trmm': 47}"
gcc,1,['exec'],9,"[4, 11, 17, 39, 47, 50, 62, 73, 77]",2,3000005.0,2.8910483907577274e-05,0.00031236420047307594,0.005648777774452153,0.031018981657453763,both,"{'2mm': 17, 'bicg': 77, 'durbin': 4, 'dynprog': 73, 'fdtd-2d': 11, 'fdtd-apml': 50, 'floyd-warshall': 73, 'gemm': 47, 'gesummv': 62, 'jacobi-1d-imper': 39, 'lu': 39, 'ludcmp': 50, 'mvt': 50, 'reg_detect': 50, 'seidel-2d': 39, 'symm': 62, 'syr2k': 17, 'trisolv': 47, 'trmm': 47}"
gcc,1,['exec'],10,"[4, 11, 14, 17, 39, 47, 50, 62, 73, 77]",2,1000002.0,1.2470262830046958e-05,0.0001222088374447813,0.00015400824984037188,0.0005067391982264112,both,"{'2mm': 17, 'bicg': 77, 'durbin': 4, 'dynprog': 73, 'fdtd-2d': 11, 'fdtd-apml': 50, 'floyd-warshall': 73, 'gemm': 47, 'gesummv': 62, 'jacobi-1d-imper': 39, 'lu': 39, 'ludcmp': 50, 'mvt': 50, 'reg_detect': 50, 'seidel-2d': 39, 'symm': 62, 'syr2k': 17, 'trisolv': 47, 'trmm': 14}"
gcc,1,['exec'],11,"[4, 11, 14, 17, 39, 47, 50, 62, 64, 73, 77]",2,1000001.0,6.038218754005835e-06,0.00011349683756535996,0.00015400824984037188,0.0005067391982264112,both,"{'2mm': 17, 'bicg': 77, 'durbin': 4, 'dynprog': 73, 'fdtd-2d': 11, 'fdtd-apml': 50, 'floyd-warshall': 73, 'gemm': 47, 'gesummv': 62, 'jacobi-1d-imper': 39, 'lu': 39, 'ludcmp': 50, 'mvt': 50, 'reg_detect': 64, 'seidel-2d': 39, 'symm': 62, 'syr2k': 17, 'trisolv': 47, 'trmm': 14}"
gcc,1,['exec'],12,"[4, 11, 14, 17, 39, 47, 50, 51, 62, 64, 73, 77]",2,0.0,6.470098740794272e-08,1.2293187607509118e-06,0.00015400824984037188,0.0005067391982264112,both,"{'2mm': 17, 'bicg': 77, 'durbin': 4, 'dynprog': 73, 'fdtd-2d': 11, 'fdtd-apml': 50, 'floyd-warshall': 73, 'gemm': 47, 'gesummv': 51, 'jacobi-1d-imper': 39, 'lu': 39, 'ludcmp': 50, 'mvt': 50, 'reg_detect': 64, 'seidel-2d': 39, 'symm': 62, 'syr2k': 17, 'trisolv': 47, 'trmm': 14}"
gcc,1,['exec'],13,"[0, 4, 11, 14, 17, 39, 47, 50, 51, 62, 64, 73, 77]",2,0.0,6.470098740794272e-08,1.2293187607509118e-06,0.00015400824984037188,0.0005067391982264112,both,"{'2mm': 17, 'bicg': 77, 'durbin': 4, 'dynprog': 73, 'fdtd-2d': 11, 'fdtd-apml': 50, 'floyd-warshall': 73, 'gemm': 47, 'gesummv': 51, 'jacobi-1d-imper': 39, 'lu': 39, 'ludcmp': 50, 'mvt': 50, 'reg_detect': 64, 'seidel-2d': 39, 'symm': 62, 'syr2k': 17, 'trisolv': 47, 'trmm': 14}"
gcc,1,['exec'],1,[56],3,3751028947.0,0.1447404159656375,0.3751134970544266,0.12060941226196235,0.2643422508187422,both,"{'2mm': 56, '3mm': 56, 'adi': 56, 'atax': 56, 'covariance': 56, 'durbin': 56, 'dynprog': 56, 'fdtd-2d': 56, 'fdtd-apml': 56, 'floyd-warshall': 56, 'gemm': 56, 'gemver': 56, 'gesummv': 56, 'jacobi-1d-imper': 56, 'jacobi-2d-imper': 56, 'lu': 56, 'reg_detect': 56, 'seidel-2d': 56, 'syrk': 56, 'trisolv': 56}"
gcc,1,['exec'],2,"[4, 63]",3,669001859.0,0.009299299081821996,0.06692299702337752,0.05792246624860192,0.1829223931687707,both,"{'2mm': 63, '3mm': 63, 'adi': 63, 'atax': 63, 'covariance': 63, 'durbin': 4, 'dynprog': 4, 'fdtd-2d': 63, 'fdtd-apml': 63, 'floyd-warshall': 63, 'gemm': 63, 'gemver': 63, 'gesummv': 63, 'jacobi-1d-imper': 63, 'jacobi-2d-imper': 63, 'lu': 63, 'reg_detect': 63, 'seidel-2d': 63, 'syrk': 63, 'trisolv': 63}"
gcc,1,['exec'],3,"[4, 14, 47]",3,167000566.0,0.0028329132596153815,0.016723860443547296,0.0343643597807754,0.1099760446834276,both,"{'2mm': 47, '3mm': 14, 'adi': 14, 'atax': 14, 'covariance': 14, 'durbin': 4, 'dynprog': 4, 'fdtd-2d': 14, 'fdtd-apml': 14, 'floyd-warshall': 47, 'gemm': 47, 'gemver': 14, 'gesummv': 14, 'jacobi-1d-imper': 14, 'jacobi-2d-imper': 14, 'lu': 14, 'reg_detect': 14, 'seidel-2d': 14, 'syrk': 47, 'trisolv': 47}"
gcc,1,['exec'],4,"[4, 14, 47, 50]",3,57000222.0,0.0011134832928786952,0.005718208698143938,0.0051483863981519095,0.03016836729094018,both,"{'2mm': 47, '3mm': 14, 'adi': 50, 'atax': 14, 'covariance': 14, 'durbin': 4, 'dynprog': 4, 'fdtd-2d': 50, 'fdtd-apml': 50, 'floyd-warshall': 47, 'gemm': 47, 'gemver': 14, 'gesummv': 14, 'jacobi-1d-imper': 14, 'jacobi-2d-imper': 50, 'lu': 14, 'reg_detect': 50, 'seidel-2d': 14, 'syrk': 47, 'trisolv': 47}"
gcc,1,['exec'],5,"[4, 14, 47, 50, 73]",3,26000125.0,0.0006293711103360572,0.002609079347538068,0.0051483863981519095,0.03016836729094018,both,"{'2mm': 47, '3mm': 14, 'adi': 50, 'atax': 14, 'covariance': 14, 'durbin': 4, 'dynprog': 73, 'fdtd-2d': 50, 'fdtd-apml': 50, 'floyd-warshall': 73, 'gemm': 47, 'gemver': 14, 'gesummv': 14, 'jacobi-1d-imper': 14, 'jacobi-2d-imper': 50, 'lu': 14, 'reg_detect': 50, 'seidel-2d': 14, 'syrk': 47, 'trisolv': 47}"
gcc,1,['exec'],6,"[4, 14, 39, 47, 50, 73]",3,14000042.0,0.00020839398974437066,0.0014053652130559574,0.0051483863981519095,0.03016836729094018,both,"{'2mm': 47, '3mm': 14, 'adi': 50, 'atax': 14, 'covariance': 14, 'durbin': 4, 'dynprog': 73, 'fdtd-2d': 50, 'fdtd-apml': 50, 'floyd-warshall': 73, 'gemm': 47, 'gemver': 39, 'gesummv': 39, 'jacobi-1d-imper': 39, 'jacobi-2d-imper': 39, 'lu': 39, 'reg_detect': 50, 'seidel-2d': 39, 'syrk': 47, 'trisolv': 47}"
gcc,1,['exec'],7,"[4, 14, 17, 39, 47, 50, 73]",3,10000028.0,0.00013812572909157277,0.0009698820664678429,0.005118882747894744,0.03016836729094018,both,"{'2mm': 17, '3mm': 14, 'adi': 50, 'atax': 14, 'covariance': 14, 'durbin': 4, 'dynprog': 73, 'fdtd-2d': 50, 'fdtd-apml': 50, 'floyd-warshall': 73, 'gemm': 47, 'gemver': 39, 'gesummv': 39, 'jacobi-1d-imper': 39, 'jacobi-2d-imper': 39, 'lu': 39, 'reg_detect': 50, 'seidel-2d': 39, 'syrk': 47, 'trisolv': 47}"
gcc,1,['exec'],8,"[4, 14, 17, 26, 39, 47, 50, 73]",3,5000018.0,9.06634152005907e-05,0.0005067391982264112,0.0051027012039165385,0.03016836729094018,both,"{'2mm': 17, '3mm': 14, 'adi': 50, 'atax': 14, 'covariance': 14, 'durbin': 4, 'dynprog': 73, 'fdtd-2d': 50, 'fdtd-apml': 50, 'floyd-warshall': 73, 'gemm': 47, 'gemver': 39, 'gesummv': 26, 'jacobi-1d-imper': 39, 'jacobi-2d-imper': 39, 'lu': 39, 'reg_detect': 50, 'seidel-2d': 39, 'syrk': 47, 'trisolv': 47}"
gcc,1,['exec'],9,"[4, 13, 14, 17, 26, 39, 47, 50, 73]",3,5000008.0,4.263606755284918e-05,0.0004899206197659565,0.0051027012039165385,0.03016836729094018,both,"{'2mm': 17, '3mm': 14, 'adi': 50, 'atax': 14, 'covariance': 14, 'durbin': 4, 'dynprog': 73, 'fdtd-2d': 50, 'fdtd-apml': 50, 'floyd-warshall': 73, 'gemm': 47, 'gemver': 13, 'gesummv': 26, 'jacobi-1d-imper': 39, 'jacobi-2d-imper': 13, 'lu': 39, 'reg_detect': 50, 'seidel-2d': 39, 'syrk': 47, 'trisolv': 47}"
gcc,1,['exec'],10,"[4, 11, 13, 14, 17, 26, 39, 47, 50, 73]",3,1000002.0,1.3017771101037781e-05,0.0001222088374447813,0.0051027012039165385,0.03016836729094018,both,"{'2mm': 17, '3mm': 14, 'adi': 11, 'atax': 14, 'covariance': 14, 'durbin': 4, 'dynprog': 73, 'fdtd-2d': 11, 'fdtd-apml': 50, 'floyd-warshall': 73, 'gemm': 47, 'gemver': 13, 'gesummv': 26, 'jacobi-1d-imper': 39, 'jacobi-2d-imper': 13, 'lu': 39, 'reg_detect': 50, 'seidel-2d': 39, 'syrk': 47, 'trisolv': 47}"
gcc,1,['exec'],11,"[4, 5, 11, 13, 14, 17, 39, 47, 50, 51, 73]",3,1000001.0,6.110441872239065e-06,0.0001222088374447813,0.005118882747894744,0.03016836729094018,both,"{'2mm': 17, '3mm': 14, 'adi': 5, 'atax': 14, 'covariance': 14, 'durbin': 4, 'dynprog': 73, 'fdtd-2d': 11, 'fdtd-apml': 50, 'floyd-warshall': 73, 'gemm': 47, 'gemver': 13, 'gesummv': 51, 'jacobi-1d-imper': 39, 'jacobi-2d-imper': 13, 'lu': 39, 'reg_detect': 50, 'seidel-2d': 39, 'syrk': 47, 'trisolv': 47}"
gcc,1,['exec'],12,"[4, 5, 11, 13, 14, 17, 39, 47, 50, 51, 64, 73]",3,0.0,0.0,0.0,0.005118882747894744,0.03016836729094018,both,"{'2mm': 17, '3mm': 14, 'adi': 5, 'atax': 14, 'covariance': 14, 'durbin': 4, 'dynprog': 73, 'fdtd-2d': 11, 'fdtd-apml': 50, 'floyd-warshall': 73, 'gemm': 47, 'gemver': 13, 'gesummv': 51, 'jacobi-1d-imper': 39, 'jacobi-2d-imper': 13, 'lu': 39, 'reg_detect': 64, 'seidel-2d': 39, 'syrk': 47, 'trisolv': 47}"
gcc,1,['exec'],13,"[0, 4, 5, 11, 13, 14, 17, 39, 47, 50, 51, 64, 73]",3,0.0,0.0,0.0,0.005118882747894744,0.03016836729094018,both,"{'2mm': 17, '3mm': 14, 'adi': 5, 'atax': 14, 'covariance': 14, 'durbin': 4, 'dynprog': 73, 'fdtd-2d': 11, 'fdtd-apml': 50, 'floyd-warshall': 73, 'gemm': 47, 'gemver': 13, 'gesummv': 51, 'jacobi-1d-imper': 39, 'jacobi-2d-imper': 13, 'lu': 39, 'reg_detect': 64, 'seidel-2d': 39, 'syrk': 47, 'trisolv': 47}"
gcc,1,['exec'],1,[50],4,694002391.0,0.011954379932744005,0.06935741464654314,0.08723366579506363,0.44864048338368545,both,"{'2mm': 50, '3mm': 50, 'adi': 50, 'atax': 50, 'bicg': 50, 'covariance': 50, 'fdtd-2d': 50, 'fdtd-apml': 50, 'gemm': 50, 'gemver': 50, 'gesummv': 50, 'jacobi-2d-imper': 50, 'lu': 50, 'ludcmp': 50, 'mvt': 50, 'symm': 50, 'syr2k': 50, 'syrk': 50, 'trisolv': 50, 'trmm': 50}"
gcc,1,['exec'],2,"[50, 63]",4,302001100.0,0.005498474383454405,0.03016836729094018,0.07397406239861132,0.42000823949464394,both,"{'2mm': 63, '3mm': 63, 'adi': 50, 'atax': 63, 'bicg': 63, 'covariance': 50, 'fdtd-2d': 50, 'fdtd-apml': 50, 'gemm': 50, 'gemver': 63, 'gesummv': 63, 'jacobi-2d-imper': 63, 'lu': 63, 'ludcmp': 50, 'mvt': 50, 'symm': 50, 'syr2k': 63, 'syrk': 63, 'trisolv': 63, 'trmm': 63}"
gcc,1,['exec'],3,"[14, 50, 62]",4,260000641.0,0.0032106402071037377,0.025999438862056117,0.06155820696451536,0.3472603680307572,both,"{'2mm': 62, '3mm': 14, 'adi': 50, 'atax': 14, 'bicg': 50, 'covariance': 14, 'fdtd-2d': 50, 'fdtd-apml': 50, 'gemm': 50, 'gemver': 14, 'gesummv': 62, 'jacobi-2d-imper': 50, 'lu': 14, 'ludcmp': 50, 'mvt': 50, 'symm': 62, 'syr2k': 50, 'syrk': 14, 'trisolv': 14, 'trmm': 14}"
gcc,1,['exec'],4,"[14, 47, 50, 62]",4,26000082.0,0.0004148234889862055,0.002609079347538068,0.06068376970505298,0.3472603680307572,both,"{'2mm': 47, '3mm': 14, 'adi': 50, 'atax': 14, 'bicg': 50, 'covariance': 14, 'fdtd-2d': 50, 'fdtd-apml': 50, 'gemm': 47, 'gemver': 14, 'gesummv': 62, 'jacobi-2d-imper': 50, 'lu': 14, 'ludcmp': 50, 'mvt': 50, 'symm': 62, 'syr2k': 47, 'syrk': 47, 'trisolv': 47, 'trmm': 14}"
gcc,1,['exec'],5,"[14, 39, 47, 50, 62]",4,14000039.0,0.0001955618413255711,0.0014053652130559574,0.06000883847997828,0.3472603680307572,both,"{'2mm': 47, '3mm': 14, 'adi': 50, 'atax': 14, 'bicg': 50, 'covariance': 14, 'fdtd-2d': 50, 'fdtd-apml': 50, 'gemm': 47, 'gemver': 39, 'gesummv': 62, 'jacobi-2d-imper': 39, 'lu': 39, 'ludcmp': 50, 'mvt': 50, 'symm': 62, 'syr2k': 47, 'syrk': 47, 'trisolv': 47, 'trmm': 14}"
gcc,1,['exec'],6,"[14, 17, 39, 47, 50, 62]",4,5000023.0,0.00011644248559562371,0.0005436998776675323,0.06000883847997828,0.3472603680307572,both,"{'2mm': 17, '3mm': 14, 'adi': 50, 'atax': 14, 'bicg': 50, 'covariance': 14, 'fdtd-2d': 50, 'fdtd-apml': 50, 'gemm': 47, 'gemver': 39, 'gesummv': 62, 'jacobi-2d-imper': 39, 'lu': 39, 'ludcmp': 50, 'mvt': 50, 'symm': 62, 'syr2k': 17, 'syrk': 47, 'trisolv': 47, 'trmm': 14}"
gcc,1,['exec'],7,"[13, 14, 17, 39, 47, 50, 62]",4,5000013.0,6.841513794788218e-05,0.0005436998776675323,0.05945474423372244,0.3472603680307572,both,"{'2mm': 17, '3mm': 14, 'adi': 50, 'atax': 14, 'bicg': 50, 'covariance': 14, 'fdtd-2d': 50, 'fdtd-apml': 50, 'gemm': 47, 'gemver': 13, 'gesummv': 62, 'jacobi-2d-imper': 13, 'lu': 39, 'ludcmp': 50, 'mvt': 50, 'symm': 62, 'syr2k': 17, 'syrk': 47, 'trisolv': 47, 'trmm': 14}"
gcc,1,['exec'],8,"[11, 13, 14, 17, 39, 47, 50, 62]",4,5000007.0,3.8796841496070795e-05,0.0005436998776675323,0.05945474423372244,0.3472603680307572,both,"{'2mm': 17, '3mm': 14, 'adi': 11, 'atax': 14, 'bicg': 50, 'covariance': 14, 'fdtd-2d': 11, 'fdtd-apml': 50, 'gemm': 47, 'gemver': 13, 'gesummv': 62, 'jacobi-2d-imper': 13, 'lu': 39, 'ludcmp': 50, 'mvt': 50, 'symm': 62, 'syr2k': 17, 'syrk': 47, 'trisolv': 47, 'trmm': 14}"
gcc,1,['exec'],9,"[11, 13, 14, 17, 39, 47, 50, 62, 77]",4,1000002.0,1.1611847612694174e-05,0.0001175107959277726,0.05628482754416886,0.3282408678934357,both,"{'2mm': 17, '3mm': 14, 'adi': 11, 'atax': 14, 'bicg': 77, 'covariance': 14, 'fdtd-2d': 11, 'fdtd-apml': 50, 'gemm': 47, 'gemver': 13, 'gesummv': 62, 'jacobi-2d-imper': 13, 'lu': 39, 'ludcmp': 50, 'mvt': 50, 'symm': 62, 'syr2k': 17, 'syrk': 47, 'trisolv': 47, 'trmm': 14}"
gcc,1,['exec'],10,"[5, 11, 13, 14, 17, 39, 47, 50, 62, 77]",4,1000001.0,5.7363078163055434e-06,0.00011349683756535996,0.05628482754416886,0.3282408678934357,both,"{'2mm': 17, '3mm': 14, 'adi': 5, 'atax': 14, 'bicg': 77, 'covariance': 14, 'fdtd-2d': 11, 'fdtd-apml': 50, 'gemm': 47, 'gemver': 13, 'gesummv': 62, 'jacobi-2d-imper': 13, 'lu': 39, 'ludcmp': 50, 'mvt': 50, 'symm': 62, 'syr2k': 17, 'syrk': 47, 'trisolv': 47, 'trmm': 14}"
gcc,1,['exec'],11,"[5, 11, 13, 14, 17, 39, 47, 50, 51, 62, 77]",4,0.0,6.146593803754559e-08,1.2293187607509118e-06,0.05628482754416886,0.3282408678934357,both,"{'2mm': 17, '3mm': 14, 'adi': 5, 'atax': 14, 'bicg': 77, 'covariance': 14, 'fdtd-2d': 11, 'fdtd-apml': 50, 'gemm': 47, 'gemver': 13, 'gesummv': 51, 'jacobi-2d-imper': 13, 'lu': 39, 'ludcmp': 50, 'mvt': 50, 'symm': 62, 'syr2k': 17, 'syrk': 47, 'trisolv': 47, 'trmm': 14}"
gcc,1,['exec'],12,"[0, 5, 11, 13, 14, 17, 39, 47, 50, 51, 62, 77]",4,0.0,6.146593803754559e-08,1.2293187607509118e-06,0.007317053123222277,0.03443422136775623,both,"{'2mm': 17, '3mm': 14, 'adi': 5, 'atax': 14, 'bicg': 77, 'covariance': 14, 'fdtd-2d': 11, 'fdtd-apml': 50, 'gemm': 47, 'gemver': 13, 'gesummv': 51, 'jacobi-2d-imper': 13, 'lu': 39, 'ludcmp': 50, 'mvt': 50, 'symm': 62, 'syr2k': 17, 'syrk': 47, 'trisolv': 47, 'trmm': 14}"
gcc,2,"['exec', 'ctime']",1,[56],1,3751042910.0,0.22584155856066393,0.3751134970544266,0.21401556093380525,0.30909090909090914,both,"{'3mm': 56, 'adi': 56, 'atax': 56, 'bicg': 56, 'covariance': 56, 'durbin': 56, 'dynprog': 56, 'floyd-warshall': 56, 'gemver': 56, 'jacobi-1d-imper': 56, 'jacobi-2d-imper': 56, 'ludcmp': 56, 'mvt': 56, 'reg_detect': 56, 'seidel-2d': 56, 'symm': 56, 'syr2k': 56, 'syrk': 56, 'trmm': 56}"
gcc,2,"['exec', 'ctime']",2,"[54, 56]",1,3751037303.0,0.19633143087958688,0.3751134970544266,0.19273134131539876,0.30909090909090914,both,"{'3mm': 54, 'adi': 56, 'atax': 54, 'bicg': 56, 'covariance': 56, 'durbin': 54, 'dynprog': 56, 'floyd-warshall': 54, 'gemver': 54, 'jacobi-1d-imper': 54, 'jacobi-2d-imper': 56, 'ludcmp': 54, 'mvt': 54, 'reg_detect': 54, 'seidel-2d': 56, 'symm': 54, 'syr2k': 54, 'syrk': 54, 'trmm': 54}"
gcc,2,"['exec', 'ctime']",3,"[2, 54, 56]",1,3751035031.0,0.18436702814658024,0.3751134970544266,0.19273134131539876,0.30909090909090914,both,"{'3mm': 54, 'adi': 56, 'atax': 54, 'bicg': 56, 'covariance': 56, 'durbin': 2, 'dynprog': 56, 'floyd-warshall': 54, 'gemver': 54, 'jacobi-1d-imper': 54, 'jacobi-2d-imper': 56, 'ludcmp': 54, 'mvt': 54, 'reg_detect': 54, 'seidel-2d': 56, 'symm': 2, 'syr2k': 54, 'syrk': 54, 'trmm': 54}"
gcc,2,"['exec', 'ctime']",4,"[2, 54, 56, 62]",1,3751033636.0,0.1770318284869567,0.3751134970544266,0.1861641139934549,0.2985970004837929,both,"{'3mm': 62, 'adi': 56, 'atax': 54, 'bicg': 62, 'covariance': 56, 'durbin': 2, 'dynprog': 62, 'floyd-warshall': 54, 'gemver': 62, 'jacobi-1d-imper': 54, 'jacobi-2d-imper': 62, 'ludcmp': 54, 'mvt': 54, 'reg_detect': 54, 'seidel-2d': 56, 'symm': 2, 'syr2k': 54, 'syrk': 54, 'trmm': 54}"
gcc,2,"['exec', 'ctime']",5,"[2, 26, 54, 56, 62]",1,3751032885.0,0.17307548460822478,0.3751134970544266,0.17651934699574667,0.2985970004837929,both,"{'3mm': 26, 'adi': 56, 'atax': 26, 'bicg': 62, 'covariance': 56, 'durbin': 2, 'dynprog': 62, 'floyd-warshall': 54, 'gemver': 62, 'jacobi-1d-imper': 26, 'jacobi-2d-imper': 62, 'ludcmp': 54, 'mvt': 26, 'reg_detect': 54, 'seidel-2d': 56, 'symm': 2, 'syr2k': 54, 'syrk': 54, 'trmm': 54}"
gcc,2,"['exec', 'ctime']",6,"[2, 26, 36, 54, 56, 62]",1,3751032572.0,0.17142524155264063,0.3751134970544266,0.1641816846580844,0.2985970004837929,both,"{'3mm': 26, 'adi': 56, 'atax': 36, 'bicg': 62, 'covariance': 36, 'durbin': 2, 'dynprog': 62, 'floyd-warshall': 54, 'gemver': 62, 'jacobi-1d-imper': 26, 'jacobi-2d-imper': 62, 'ludcmp': 54, 'mvt': 26, 'reg_detect': 54, 'seidel-2d': 56, 'symm': 2, 'syr2k': 54, 'syrk': 54, 'trmm': 54}"
gcc,2,"['exec', 'ctime']",7,"[2, 26, 36, 46, 54, 56, 62]",1,3751032353.0,0.17027120904262336,0.3751134970544266,0.1641540393474202,0.2984034833091437,both,"{'3mm': 46, 'adi': 56, 'atax': 36, 'bicg': 62, 'covariance': 36, 'durbin': 2, 'dynprog': 62, 'floyd-warshall': 54, 'gemver': 46, 'jacobi-1d-imper': 26, 'jacobi-2d-imper': 62, 'ludcmp': 54, 'mvt': 26, 'reg_detect': 54, 'seidel-2d': 56, 'symm': 2, 'syr2k': 54, 'syrk': 54, 'trmm': 54}"
gcc,2,"['exec', 'ctime']",8,"[2, 26, 36, 46, 54, 56, 59, 62]",1,3751032194.0,0.16943428174714645,0.3751134970544266,0.1641540393474202,0.2984034833091437,both,"{'3mm': 46, 'adi': 56, 'atax': 59, 'bicg': 62, 'covariance': 36, 'durbin': 2, 'dynprog': 62, 'floyd-warshall': 54, 'gemver': 46, 'jacobi-1d-imper': 26, 'jacobi-2d-imper': 62, 'ludcmp': 54, 'mvt': 26, 'reg_detect': 54, 'seidel-2d': 56, 'symm': 2, 'syr2k': 54, 'syrk': 54, 'trmm': 54}"
gcc,2,"['exec', 'ctime']",9,"[2, 26, 36, 46, 54, 56, 59, 62, 77]",1,3751032088.0,0.1688802651266478,0.3751134970544266,0.1628553380487189,0.2984034833091437,both,"{'3mm': 46, 'adi': 56, 'atax': 59, 'bicg': 62, 'covariance': 36, 'durbin': 2, 'dynprog': 62, 'floyd-warshall': 54, 'gemver': 46, 'jacobi-1d-imper': 26, 'jacobi-2d-imper': 62, 'ludcmp': 54, 'mvt': 26, 'reg_detect': 54, 'seidel-2d': 56, 'symm': 2, 'syr2k': 77, 'syrk': 54, 'trmm': 54}"
gcc,2,"['exec', 'ctime']",10,"[2, 26, 36, 46, 51, 54, 56, 59, 62, 77]",1,3751032009.0,0.16847142905724236,0.3751134970544266,0.1628553380487189,0.2984034833091437,both,"{'3mm': 46, 'adi': 56, 'atax': 59, 'bicg': 62, 'covariance': 36, 'durbin': 2, 'dynprog': 62, 'floyd-warshall': 54, 'gemver': 46, 'jacobi-1d-imper': 26, 'jacobi-2d-imper': 62, 'ludcmp': 51, 'mvt': 26, 'reg_detect': 54, 'seidel-2d': 56, 'symm': 2, 'syr2k': 77, 'syrk': 51, 'trmm': 54}"
gcc,2,"['exec', 'ctime']",11,"[2, 4, 26, 36, 46, 51, 54, 56, 59, 62, 77]",1,3751032009.0,0.16847142905724236,0.3751134970544266,0.1628553380487189,0.2984034833091437,both,"{'3mm': 46, 'adi': 56, 'atax': 59, 'bicg': 62, 'covariance': 36, 'durbin': 2, 'dynprog': 62, 'floyd-warshall': 54, 'gemver': 46, 'jacobi-1d-imper': 26, 'jacobi-2d-imper': 62, 'ludcmp': 51, 'mvt': 26, 'reg_detect': 54, 'seidel-2d': 56, 'symm': 2, 'syr2k': 77, 'syrk': 51, 'trmm': 54}"
gcc,2,"['exec', 'ctime']",1,[56],2,3751044943.0,0.23653620260036892,0.3751134970544266,0.18498724139746311,0.26734194581088927,both,"{'2mm': 56, 'bicg': 56, 'durbin': 56, 'dynprog': 56, 'fdtd-2d': 56, 'fdtd-apml': 56, 'floyd-warshall': 56, 'gemm': 56, 'gesummv': 56, 'jacobi-1d-imper': 56, 'lu': 56, 'ludcmp': 56, 'mvt': 56, 'reg_detect': 56, 'seidel-2d': 56, 'symm': 56, 'syr2k': 56, 'trisolv': 56, 'trmm': 56}"
gcc,2,"['exec', 'ctime']",2,"[54, 56]",2,3751038988.0,0.20520328059009796,0.3751134970544266,0.1686506063868687,0.25496673343720727,both,"{'2mm': 54, 'bicg': 56, 'durbin': 54, 'dynprog': 56, 'fdtd-2d': 56, 'fdtd-apml': 54, 'floyd-warshall': 54, 'gemm': 56, 'gesummv': 54, 'jacobi-1d-imper': 54, 'lu': 56, 'ludcmp': 54, 'mvt': 54, 'reg_detect': 54, 'seidel-2d': 56, 'symm': 54, 'syr2k': 54, 'trisolv': 56, 'trmm': 54}"
gcc,2,"['exec', 'ctime']",3,"[2, 54, 56]",2,3751036716.0,0.1932388778570913,0.3751134970544266,0.1686506063868687,0.25496673343720727,both,"{'2mm': 54, 'bicg': 56, 'durbin': 2, 'dynprog': 56, 'fdtd-2d': 56, 'fdtd-apml': 54, 'floyd-warshall': 54, 'gemm': 56, 'gesummv': 54, 'jacobi-1d-imper': 54, 'lu': 56, 'ludcmp': 54, 'mvt': 54, 'reg_detect': 54, 'seidel-2d': 56, 'symm': 2, 'syr2k': 54, 'trisolv': 56, 'trmm': 54}"
gcc,2,"['exec', 'ctime']",4,"[2, 36, 54, 56]",2,3751034943.0,0.18390873431642146,0.3751134970544266,0.15982004563319857,0.25496673343720727,both,"{'2mm': 54, 'bicg': 36, 'durbin': 2, 'dynprog': 56, 'fdtd-2d': 36, 'fdtd-apml': 54, 'floyd-warshall': 54, 'gemm': 36, 'gesummv': 54, 'jacobi-1d-imper': 54, 'lu': 56, 'ludcmp': 54, 'mvt': 54, 'reg_detect': 54, 'seidel-2d': 56, 'symm': 2, 'syr2k': 54, 'trisolv': 56, 'trmm': 54}"
gcc,2,"['exec', 'ctime']",5,"[2, 26, 36, 54, 56]",2,3751034198.0,0.17997798291394415,0.3751134970544266,0.1566217513901282,0.25496673343720727,both,"{'2mm': 26, 'bicg': 36, 'durbin': 2, 'dynprog': 56, 'fdtd-2d': 36, 'fdtd-apml': 54, 'floyd-warshall': 54, 'gemm': 36, 'gesummv': 54, 'jacobi-1d-imper': 26, 'lu': 56, 'ludcmp': 54, 'mvt': 26, 'reg_detect': 54, 'seidel-2d': 56, 'symm': 2, 'syr2k': 54, 'trisolv': 26, 'trmm': 54}"
gcc,2,"['exec', 'ctime']",6,"[2, 26, 36, 54, 56, 62]",2,3751033752.0,0.17763397431837477,0.3751134970544266,0.14732941000823455,0.25496673343720727,both,"{'2mm': 26, 'bicg': 62, 'durbin': 2, 'dynprog': 62, 'fdtd-2d': 36, 'fdtd-apml': 54, 'floyd-warshall': 54, 'gemm': 36, 'gesummv': 54, 'jacobi-1d-imper': 26, 'lu': 56, 'ludcmp': 54, 'mvt': 26, 'reg_detect': 54, 'seidel-2d': 56, 'symm': 2, 'syr2k': 54, 'trisolv': 62, 'trmm': 54}"
gcc,2,"['exec', 'ctime']",7,"[2, 26, 36, 48, 54, 56, 62]",2,3751033517.0,0.1763955842254955,0.3751134970544266,0.14732941000823455,0.25496673343720727,both,"{'2mm': 26, 'bicg': 62, 'durbin': 2, 'dynprog': 62, 'fdtd-2d': 36, 'fdtd-apml': 54, 'floyd-warshall': 54, 'gemm': 36, 'gesummv': 48, 'jacobi-1d-imper': 26, 'lu': 56, 'ludcmp': 54, 'mvt': 26, 'reg_detect': 54, 'seidel-2d': 56, 'symm': 2, 'syr2k': 54, 'trisolv': 62, 'trmm': 54}"
gcc,2,"['exec', 'ctime']",8,"[2, 26, 36, 48, 54, 56, 62, 77]",2,3751033321.0,0.17536309870547537,0.3751134970544266,0.14732941000823455,0.25496673343720727,both,"{'2mm': 26, 'bicg': 62, 'durbin': 2, 'dynprog': 62, 'fdtd-2d': 77, 'fdtd-apml': 54, 'floyd-warshall': 54, 'gemm': 36, 'gesummv': 48, 'jacobi-1d-imper': 26, 'lu': 56, 'ludcmp': 54, 'mvt': 26, 'reg_detect': 54, 'seidel-2d': 56, 'symm': 2, 'syr2k': 77, 'trisolv': 62, 'trmm': 54}"
gcc,2,"['exec', 'ctime']",9,"[2, 26, 36, 48, 51, 54, 56, 62, 77]",2,3751033260.0,0.1750447881104248,0.3751134970544266,0.14702837428360183,0.2532467494244646,both,"{'2mm': 26, 'bicg': 62, 'durbin': 2, 'dynprog': 62, 'fdtd-2d': 77, 'fdtd-apml': 54, 'floyd-warshall': 54, 'gemm': 36, 'gesummv': 48, 'jacobi-1d-imper': 26, 'lu': 56, 'ludcmp': 51, 'mvt': 26, 'reg_detect': 54, 'seidel-2d': 56, 'symm': 2, 'syr2k': 77, 'trisolv': 62, 'trmm': 54}"
gcc,2,"['exec', 'ctime']",10,"[2, 26, 36, 48, 51, 54, 56, 58, 62, 77]",2,3751033231.0,0.1748903138745204,0.3751134970544266,0.14702837428360183,0.2532467494244646,both,"{'2mm': 26, 'bicg': 62, 'durbin': 2, 'dynprog': 62, 'fdtd-2d': 77, 'fdtd-apml': 54, 'floyd-warshall': 54, 'gemm': 36, 'gesummv': 48, 'jacobi-1d-imper': 26, 'lu': 56, 'ludcmp': 51, 'mvt': 26, 'reg_detect': 54, 'seidel-2d': 56, 'symm': 2, 'syr2k': 77, 'trisolv': 58, 'trmm': 54}"
gcc,2,"['exec', 'ctime']",11,"[2, 4, 26, 36, 48, 51, 54, 56, 58, 62, 77]",2,3751033231.0,0.1748903138745204,0.3751134970544266,0.14702837428360183,0.2532467494244646,both,"{'2mm': 26, 'bicg': 62, 'durbin': 2, 'dynprog': 62, 'fdtd-2d': 77, 'fdtd-apml': 54, 'floyd-warshall': 54, 'gemm': 36, 'gesummv': 48, 'jacobi-1d-imper': 26, 'lu': 56, 'ludcmp': 51, 'mvt': 26, 'reg_detect': 54, 'seidel-2d': 56, 'symm': 2, 'syr2k': 77, 'trisolv': 58, 'trmm': 54}"
gcc,2,"['exec', 'ctime']",1,[56],3,3751043206.0,0.21602379345330364,0.3751134970544266,0.24477044502052983,0.31578947368421056,both,"{'2mm': 56, '3mm': 56, 'adi': 56, 'atax': 56, 'covariance': 56, 'durbin': 56, 'dynprog': 56, 'fdtd-2d': 56, 'fdtd-apml': 56, 'floyd-warshall': 56, 'gemm': 56, 'gemver': 56, 'gesummv': 56, 'jacobi-1d-imper': 56, 'jacobi-2d-imper': 56, 'lu': 56, 'reg_detect': 56, 'seidel-2d': 56, 'syrk': 56, 'trisolv': 56}"
gcc,2,"['exec', 'ctime']",2,"[26, 56]",3,3751038022.0,0.1901032660136562,0.3751134970544266,0.21536460842256244,0.2894736842105262,both,"{'2mm': 26, '3mm': 26, 'adi': 56, 'atax': 26, 'covariance': 56, 'durbin': 56, 'dynprog': 56, 'fdtd-2d': 56, 'fdtd-apml': 56, 'floyd-warshall': 56, 'gemm': 26, 'gemver': 26, 'gesummv': 26, 'jacobi-1d-imper': 26, 'jacobi-2d-imper': 56, 'lu': 56, 'reg_detect': 26, 'seidel-2d': 56, 'syrk': 26, 'trisolv': 26}"
gcc,2,"['exec', 'ctime']",3,"[2, 26, 56]",3,3751035749.0,0.17873962965001985,0.3751134970544266,0.2118923862003402,0.2894736842105262,both,"{'2mm': 26, '3mm': 26, 'adi': 56, 'atax': 26, 'covariance': 56, 'durbin': 2, 'dynprog': 56, 'fdtd-2d': 56, 'fdtd-apml': 56, 'floyd-warshall': 56, 'gemm': 26, 'gemver': 26, 'gesummv': 26, 'jacobi-1d-imper': 26, 'jacobi-2d-imper': 56, 'lu': 56, 'reg_detect': 26, 'seidel-2d': 56, 'syrk': 26, 'trisolv': 26}"
gcc,2,"['exec', 'ctime']",4,"[2, 26, 36, 56]",3,3751034564.0,0.1728109438359274,0.3751134970544266,0.2118923862003402,0.2894736842105262,both,"{'2mm': 26, '3mm': 26, 'adi': 56, 'atax': 36, 'covariance': 36, 'durbin': 2, 'dynprog': 56, 'fdtd-2d': 36, 'fdtd-apml': 56, 'floyd-warshall': 56, 'gemm': 36, 'gemver': 26, 'gesummv': 26, 'jacobi-1d-imper': 26, 'jacobi-2d-imper': 56, 'lu': 56, 'reg_detect': 36, 'seidel-2d': 56, 'syrk': 26, 'trisolv': 26}"
gcc,2,"['exec', 'ctime']",5,"[2, 26, 36, 54, 56]",3,3751033597.0,0.16797709812172817,0.3751134970544266,0.1927319954435455,0.2894736842105262,both,"{'2mm': 26, '3mm': 26, 'adi': 56, 'atax': 36, 'covariance': 36, 'durbin': 2, 'dynprog': 56, 'fdtd-2d': 36, 'fdtd-apml': 54, 'floyd-warshall': 54, 'gemm': 36, 'gemver': 26, 'gesummv': 54, 'jacobi-1d-imper': 26, 'jacobi-2d-imper': 56, 'lu': 56, 'reg_detect': 54, 'seidel-2d': 56, 'syrk': 54, 'trisolv': 26}"
gcc,2,"['exec', 'ctime']",6,"[2, 26, 36, 54, 56, 62]",3,3751032895.0,0.16447165468280084,0.3751134970544266,0.18615304807512448,0.253562853584541,both,"{'2mm': 26, '3mm': 26, 'adi': 56, 'atax': 36, 'covariance': 36, 'durbin': 2, 'dynprog': 62, 'fdtd-2d': 36, 'fdtd-apml': 54, 'floyd-warshall': 54, 'gemm': 36, 'gemver': 62, 'gesummv': 54, 'jacobi-1d-imper': 26, 'jacobi-2d-imper': 62, 'lu': 56, 'reg_detect': 54, 'seidel-2d': 56, 'syrk': 54, 'trisolv': 62}"
gcc,2,"['exec', 'ctime']",7,"[2, 26, 36, 46, 54, 56, 59]",3,3751032633.0,0.16315830351570715,0.3751134970544266,0.1927319954435455,0.2894736842105262,both,"{'2mm': 26, '3mm': 46, 'adi': 56, 'atax': 59, 'covariance': 36, 'durbin': 2, 'dynprog': 56, 'fdtd-2d': 36, 'fdtd-apml': 54, 'floyd-warshall': 54, 'gemm': 36, 'gemver': 46, 'gesummv': 54, 'jacobi-1d-imper': 26, 'jacobi-2d-imper': 59, 'lu': 56, 'reg_detect': 54, 'seidel-2d': 56, 'syrk': 54, 'trisolv': 46}"
gcc,2,"['exec', 'ctime']",8,"[2, 26, 36, 46, 48, 54, 56, 59]",3,3751032398.0,0.16198183292747187,0.3751134970544266,0.1927319954435455,0.2894736842105262,both,"{'2mm': 26, '3mm': 46, 'adi': 56, 'atax': 59, 'covariance': 36, 'durbin': 2, 'dynprog': 56, 'fdtd-2d': 36, 'fdtd-apml': 54, 'floyd-warshall': 54, 'gemm': 36, 'gemver': 46, 'gesummv': 48, 'jacobi-1d-imper': 26, 'jacobi-2d-imper': 59, 'lu': 56, 'reg_detect': 54, 'seidel-2d': 56, 'syrk': 54, 'trisolv': 46}"
gcc,2,"['exec', 'ctime']",9,"[2, 26, 36, 46, 48, 54, 56, 59, 62]",3,3751032280.0,0.16139409642061356,0.3751134970544266,0.18615304807512448,0.253562853584541,both,"{'2mm': 26, '3mm': 46, 'adi': 56, 'atax': 59, 'covariance': 36, 'durbin': 2, 'dynprog': 62, 'fdtd-2d': 36, 'fdtd-apml': 54, 'floyd-warshall': 54, 'gemm': 36, 'gemver': 46, 'gesummv': 48, 'jacobi-1d-imper': 26, 'jacobi-2d-imper': 62, 'lu': 56, 'reg_detect': 54, 'seidel-2d': 56, 'syrk': 54, 'trisolv': 46}"
gcc,2,"['exec', 'ctime']",10,"[2, 26, 36, 46, 48, 54, 56, 59, 62, 77]",3,3751032190.0,0.1609395509660681,0.3751134970544266,0.1843986621102122,0.253562853584541,both,"{'2mm': 26, '3mm': 46, 'adi': 56, 'atax': 59, 'covariance': 36, 'durbin': 2, 'dynprog': 62, 'fdtd-2d': 77, 'fdtd-apml': 54, 'floyd-warshall': 54, 'gemm': 36, 'gemver': 46, 'gesummv': 48, 'jacobi-1d-imper': 26, 'jacobi-2d-imper': 62, 'lu': 56, 'reg_detect': 54, 'seidel-2d': 56, 'syrk': 54, 'trisolv': 46}"
gcc,2,"['exec', 'ctime']",11,"[2, 26, 36, 46, 48, 54, 56, 58, 59, 62, 77]",3,3751032163.0,0.1608024763006914,0.3751134970544266,0.1843986621102122,0.253562853584541,both,"{'2mm': 26, '3mm': 46, 'adi': 56, 'atax': 59, 'covariance': 36, 'durbin': 2, 'dynprog': 62, 'fdtd-2d': 77, 'fdtd-apml': 54, 'floyd-warshall': 54, 'gemm': 36, 'gemver': 46, 'gesummv': 48, 'jacobi-1d-imper': 26, 'jacobi-2d-imper': 62, 'lu': 56, 'reg_detect': 54, 'seidel-2d': 56, 'syrk': 54, 'trisolv': 58}"
gcc,2,"['exec', 'ctime']",12,"[2, 26, 36, 46, 48, 51, 54, 56, 58, 59, 62, 77]",3,3751032145.0,0.16071647710005427,0.3751134970544266,0.18339067855921867,0.253562853584541,both,"{'2mm': 26, '3mm': 46, 'adi': 56, 'atax': 59, 'covariance': 36, 'durbin': 2, 'dynprog': 62, 'fdtd-2d': 77, 'fdtd-apml': 54, 'floyd-warshall': 54, 'gemm': 36, 'gemver': 46, 'gesummv': 48, 'jacobi-1d-imper': 26, 'jacobi-2d-imper': 62, 'lu': 56, 'reg_detect': 54, 'seidel-2d': 56, 'syrk': 51, 'trisolv': 58}"
gcc,2,"['exec', 'ctime']",13,"[2, 4, 26, 36, 46, 48, 51, 54, 56, 58, 59, 62, 77]",3,3751032145.0,0.16071647710005427,0.3751134970544266,0.18339067855921867,0.253562853584541,both,"{'2mm': 26, '3mm': 46, 'adi': 56, 'atax': 59, 'covariance': 36, 'durbin': 2, 'dynprog': 62, 'fdtd-2d': 77, 'fdtd-apml': 54, 'floyd-warshall': 54, 'gemm': 36, 'gemver': 46, 'gesummv': 48, 'jacobi-1d-imper': 26, 'jacobi-2d-imper': 62, 'lu': 56, 'reg_detect': 54, 'seidel-2d': 56, 'syrk': 51, 'trisolv': 58}"
gcc,2,"['exec', 'ctime']",1,[56],4,3158042617.0,0.21308211432210283,0.31578947368421056,0.2545760421245324,0.3751134970544266,both,"{'2mm': 56, '3mm': 56, 'adi': 56, 'atax': 56, 'bicg': 56, 'covariance': 56, 'fdtd-2d': 56, 'fdtd-apml': 56, 'gemm': 56, 'gemver': 56, 'gesummv': 56, 'jacobi-2d-imper': 56, 'lu': 56, 'ludcmp': 56, 'mvt': 56, 'symm': 56, 'syr2k': 56, 'syrk': 56, 'trisolv': 56, 'trmm': 56}"
gcc,2,"['exec', 'ctime']",2,"[46, 77]",4,2984038117.0,0.19059189386467817,0.2984034833091437,0.23044251874147462,0.3753794699496486,both,"{'2mm': 77, '3mm': 46, 'adi': 77, 'atax': 46, 'bicg': 77, 'covariance': 46, 'fdtd-2d': 77, 'fdtd-apml': 46, 'gemm': 46, 'gemver': 46, 'gesummv': 46, 'jacobi-2d-imper': 46, 'lu': 46, 'ludcmp': 77, 'mvt': 46, 'symm': 77, 'syr2k': 77, 'syrk': 77, 'trisolv': 46, 'trmm': 46}"
gcc,2,"['exec', 'ctime']",3,"[36, 54, 58]",4,2957035538.0,0.1776855914194146,0.2956619900016094,0.22814862831324487,0.3752663550401864,both,"{'2mm': 54, '3mm': 36, 'adi': 36, 'atax': 36, 'bicg': 36, 'covariance': 36, 'fdtd-2d': 36, 'fdtd-apml': 54, 'gemm': 36, 'gemver': 36, 'gesummv': 54, 'jacobi-2d-imper': 36, 'lu': 54, 'ludcmp': 54, 'mvt': 54, 'symm': 36, 'syr2k': 54, 'syrk': 54, 'trisolv': 58, 'trmm': 54}"
gcc,2,"['exec', 'ctime']",4,"[36, 54, 58, 62]",4,2957034105.0,0.17052340784786918,0.2956619900016094,0.22273708676913573,0.3752663550401864,both,"{'2mm': 54, '3mm': 36, 'adi': 36, 'atax': 36, 'bicg': 62, 'covariance': 36, 'fdtd-2d': 36, 'fdtd-apml': 54, 'gemm': 36, 'gemver': 62, 'gesummv': 54, 'jacobi-2d-imper': 62, 'lu': 62, 'ludcmp': 54, 'mvt': 54, 'symm': 36, 'syr2k': 54, 'syrk': 54, 'trisolv': 58, 'trmm': 54}"
gcc,2,"['exec', 'ctime']",5,"[26, 36, 54, 58, 62]",4,2957033206.0,0.16602548781696977,0.2956619900016094,0.21404143459522265,0.3752663550401864,both,"{'2mm': 26, '3mm': 26, 'adi': 26, 'atax': 36, 'bicg': 62, 'covariance': 36, 'fdtd-2d': 36, 'fdtd-apml': 54, 'gemm': 36, 'gemver': 62, 'gesummv': 54, 'jacobi-2d-imper': 62, 'lu': 26, 'ludcmp': 54, 'mvt': 26, 'symm': 26, 'syr2k': 54, 'syrk': 54, 'trisolv': 58, 'trmm': 54}"
gcc,2,"['exec', 'ctime']",6,"[26, 36, 48, 54, 58, 62]",4,2957032971.0,0.1648490172287345,0.2956619900016094,0.21404143459522265,0.3752663550401864,both,"{'2mm': 26, '3mm': 26, 'adi': 26, 'atax': 36, 'bicg': 62, 'covariance': 36, 'fdtd-2d': 36, 'fdtd-apml': 54, 'gemm': 36, 'gemver': 62, 'gesummv': 48, 'jacobi-2d-imper': 62, 'lu': 26, 'ludcmp': 54, 'mvt': 26, 'symm': 26, 'syr2k': 54, 'syrk': 54, 'trisolv': 58, 'trmm': 54}"
gcc,2,"['exec', 'ctime']",7,"[26, 36, 48, 54, 58, 62, 77]",4,2957032738.0,0.16368365413969688,0.2956619900016094,0.21404143459522265,0.3752663550401864,both,"{'2mm': 26, '3mm': 26, 'adi': 77, 'atax': 36, 'bicg': 62, 'covariance': 36, 'fdtd-2d': 77, 'fdtd-apml': 54, 'gemm': 36, 'gemver': 62, 'gesummv': 48, 'jacobi-2d-imper': 62, 'lu': 26, 'ludcmp': 54, 'mvt': 26, 'symm': 26, 'syr2k': 77, 'syrk': 54, 'trisolv': 58, 'trmm': 54}"
gcc,2,"['exec', 'ctime']",8,"[26, 36, 46, 48, 54, 58, 62, 77]",4,2957032519.0,0.16258732325518047,0.2956619900016094,0.209881634174093,0.3752663550401864,both,"{'2mm': 26, '3mm': 46, 'adi': 77, 'atax': 36, 'bicg': 62, 'covariance': 36, 'fdtd-2d': 77, 'fdtd-apml': 54, 'gemm': 36, 'gemver': 46, 'gesummv': 48, 'jacobi-2d-imper': 62, 'lu': 26, 'ludcmp': 54, 'mvt': 26, 'symm': 26, 'syr2k': 77, 'syrk': 54, 'trisolv': 58, 'trmm': 54}"
gcc,2,"['exec', 'ctime']",9,"[2, 26, 36, 46, 48, 54, 58, 62, 77]",4,2957032311.0,0.1615456565885138,0.2956619900016094,0.18483471482959057,0.3752663550401864,both,"{'2mm': 26, '3mm': 46, 'adi': 77, 'atax': 36, 'bicg': 62, 'covariance': 36, 'fdtd-2d': 77, 'fdtd-apml': 54, 'gemm': 36, 'gemver': 46, 'gesummv': 48, 'jacobi-2d-imper': 62, 'lu': 26, 'ludcmp': 54, 'mvt': 26, 'symm': 2, 'syr2k': 77, 'syrk': 54, 'trisolv': 58, 'trmm': 54}"
gcc,2,"['exec', 'ctime']",10,"[2, 26, 36, 46, 48, 54, 58, 59, 62, 77]",4,2957032152.0,0.16075057565781073,0.2956619900016094,0.18483471482959057,0.3752663550401864,both,"{'2mm': 26, '3mm': 46, 'adi': 77, 'atax': 59, 'bicg': 62, 'covariance': 36, 'fdtd-2d': 77, 'fdtd-apml': 54, 'gemm': 36, 'gemver': 46, 'gesummv': 48, 'jacobi-2d-imper': 62, 'lu': 26, 'ludcmp': 54, 'mvt': 26, 'symm': 2, 'syr2k': 77, 'syrk': 54, 'trisolv': 58, 'trmm': 54}"
gcc,2,"['exec', 'ctime']",11,"[2, 26, 36, 46, 48, 51, 54, 58, 59, 62, 77]",4,2957032073.0,0.16036218139187552,0.2956619900016094,0.18483471482959057,0.3752663550401864,both,"{'2mm': 26, '3mm': 46, 'adi': 77, 'atax': 59, 'bicg': 62, 'covariance': 36, 'fdtd-2d': 77, 'fdtd-apml': 54, 'gemm': 36, 'gemver': 46, 'gesummv': 48, 'jacobi-2d-imper': 62, 'lu': 26, 'ludcmp': 51, 'mvt': 26, 'symm': 2, 'syr2k': 77, 'syrk': 51, 'trisolv': 58, 'trmm': 54}"
gcc,2,"['exec', 'ctime']",12,"[2, 26, 36, 46, 48, 51, 54, 56, 58, 59, 62, 77]",4,2957032059.0,0.16029090911823068,0.2956619900016094,0.1848092384986306,0.3751134970544266,both,"{'2mm': 26, '3mm': 46, 'adi': 56, 'atax': 59, 'bicg': 62, 'covariance': 36, 'fdtd-2d': 77, 'fdtd-apml': 54, 'gemm': 36, 'gemver': 46, 'gesummv': 48, 'jacobi-2d-imper': 62, 'lu': 56, 'ludcmp': 51, 'mvt': 26, 'symm': 2, 'syr2k': 77, 'syrk': 51, 'trisolv': 58, 'trmm': 54}"
gcc,2,"['exec', 'ctime']",13,"[0, 2, 26, 36, 46, 48, 51, 54, 56, 58, 59, 62, 77]",4,2957032059.0,0.16029090911823068,0.2956619900016094,0.1848092384986306,0.3751134970544266,both,"{'2mm': 26, '3mm': 46, 'adi': 56, 'atax': 59, 'bicg': 62, 'covariance': 36, 'fdtd-2d': 77, 'fdtd-apml': 54, 'gemm': 36, 'gemver': 46, 'gesummv': 48, 'jacobi-2d-imper': 62, 'lu': 56, 'ludcmp': 51, 'mvt': 26, 'symm': 2, 'syr2k': 77, 'syrk': 51, 'trisolv': 58, 'trmm': 54}"
gcc,3,"['exec', 'ctime', 'size']",1,[56],1,3751042910.0,0.22584155856066393,0.3751134970544266,0.21401556093380525,0.30909090909090914,both,"{'3mm': 56, 'adi': 56, 'atax': 56, 'bicg': 56, 'covariance': 56, 'durbin': 56, 'dynprog': 56, 'floyd-warshall': 56, 'gemver': 56, 'jacobi-1d-imper': 56, 'jacobi-2d-imper': 56, 'ludcmp': 56, 'mvt': 56, 'reg_detect': 56, 'seidel-2d': 56, 'symm': 56, 'syr2k': 56, 'syrk': 56, 'trmm': 56}"
gcc,3,"['exec', 'ctime', 'size']",2,"[54, 56]",1,3751037303.0,0.19633143087958688,0.3751134970544266,0.19273134131539876,0.30909090909090914,both,"{'3mm': 54, 'adi': 56, 'atax': 54, 'bicg': 56, 'covariance': 56, 'durbin': 54, 'dynprog': 56, 'floyd-warshall': 54, 'gemver': 54, 'jacobi-1d-imper': 54, 'jacobi-2d-imper': 56, 'ludcmp': 54, 'mvt': 54, 'reg_detect': 54, 'seidel-2d': 56, 'symm': 54, 'syr2k': 54, 'syrk': 54, 'trmm': 54}"
gcc,3,"['exec', 'ctime', 'size']",3,"[2, 54, 56]",1,3751035031.0,0.18436702814658024,0.3751134970544266,0.19273134131539876,0.30909090909090914,both,"{'3mm': 54, 'adi': 56, 'atax': 54, 'bicg': 56, 'covariance': 56, 'durbin': 2, 'dynprog': 56, 'floyd-warshall': 54, 'gemver': 54, 'jacobi-1d-imper': 54, 'jacobi-2d-imper': 56, 'ludcmp': 54, 'mvt': 54, 'reg_detect': 54, 'seidel-2d': 56, 'symm': 2, 'syr2k': 54, 'syrk': 54, 'trmm': 54}"
gcc,3,"['exec', 'ctime', 'size']",4,"[2, 54, 56, 62]",1,3751033636.0,0.1770318284869567,0.3751134970544266,0.1861641139934549,0.2985970004837929,both,"{'3mm': 62, 'adi': 56, 'atax': 54, 'bicg': 62, 'covariance': 56, 'durbin': 2, 'dynprog': 62, 'floyd-warshall': 54, 'gemver': 62, 'jacobi-1d-imper': 54, 'jacobi-2d-imper': 62, 'ludcmp': 54, 'mvt': 54, 'reg_detect': 54, 'seidel-2d': 56, 'symm': 2, 'syr2k': 54, 'syrk': 54, 'trmm': 54}"
gcc,3,"['exec', 'ctime', 'size']",5,"[2, 26, 54, 56, 62]",1,3751032885.0,0.17307548460822478,0.3751134970544266,0.17651934699574667,0.2985970004837929,both,"{'3mm': 26, 'adi': 56, 'atax': 26, 'bicg': 62, 'covariance': 56, 'durbin': 2, 'dynprog': 62, 'floyd-warshall': 54, 'gemver': 62, 'jacobi-1d-imper': 26, 'jacobi-2d-imper': 62, 'ludcmp': 54, 'mvt': 26, 'reg_detect': 54, 'seidel-2d': 56, 'symm': 2, 'syr2k': 54, 'syrk': 54, 'trmm': 54}"
gcc,3,"['exec', 'ctime', 'size']",6,"[2, 26, 46, 54, 56, 62]",1,3751032666.0,0.17192103613036683,0.3751134970544266,0.1764917016850825,0.2984034833091437,both,"{'3mm': 46, 'adi': 56, 'atax': 46, 'bicg': 62, 'covariance': 46, 'durbin': 2, 'dynprog': 62, 'floyd-warshall': 54, 'gemver': 46, 'jacobi-1d-imper': 26, 'jacobi-2d-imper': 62, 'ludcmp': 54, 'mvt': 26, 'reg_detect': 54, 'seidel-2d': 56, 'symm': 2, 'syr2k': 54, 'syrk': 54, 'trmm': 54}"
gcc,3,"['exec', 'ctime', 'size']",7,"[2, 26, 46, 54, 56, 59, 62]",1,3751032503.0,0.1710620625393331,0.3751134970544266,0.1764917016850825,0.2984034833091437,both,"{'3mm': 46, 'adi': 56, 'atax': 59, 'bicg': 62, 'covariance': 46, 'durbin': 2, 'dynprog': 62, 'floyd-warshall': 54, 'gemver': 46, 'jacobi-1d-imper': 26, 'jacobi-2d-imper': 62, 'ludcmp': 54, 'mvt': 26, 'reg_detect': 54, 'seidel-2d': 56, 'symm': 2, 'syr2k': 54, 'syrk': 54, 'trmm': 54}"
gcc,3,"['exec', 'ctime', 'size']",8,"[2, 26, 46, 54, 56, 59, 62, 77]",1,3751032397.0,0.17050804591883448,0.3751134970544266,0.1732449484383293,0.2984034833091437,both,"{'3mm': 46, 'adi': 56, 'atax': 59, 'bicg': 62, 'covariance': 46, 'durbin': 2, 'dynprog': 62, 'floyd-warshall': 54, 'gemver': 46, 'jacobi-1d-imper': 26, 'jacobi-2d-imper': 62, 'ludcmp': 54, 'mvt': 26, 'reg_detect': 54, 'seidel-2d': 56, 'symm': 2, 'syr2k': 77, 'syrk': 54, 'trmm': 54}"
gcc,3,"['exec', 'ctime', 'size']",9,"[2, 26, 46, 51, 54, 56, 59, 62, 77]",1,3751032318.0,0.170099209849429,0.3751134970544266,0.1732449484383293,0.2984034833091437,both,"{'3mm': 46, 'adi': 56, 'atax': 59, 'bicg': 62, 'covariance': 46, 'durbin': 2, 'dynprog': 62, 'floyd-warshall': 54, 'gemver': 46, 'jacobi-1d-imper': 26, 'jacobi-2d-imper': 62, 'ludcmp': 51, 'mvt': 26, 'reg_detect': 54, 'seidel-2d': 56, 'symm': 2, 'syr2k': 77, 'syrk': 51, 'trmm': 54}"
gcc,3,"['exec', 'ctime', 'size']",10,"[2, 26, 36, 46, 51, 54, 56, 59, 62, 77]",1,3751032312.0,0.17006860200547336,0.3751134970544266,0.1628553380487189,0.2984034833091437,both,"{'3mm': 46, 'adi': 56, 'atax': 59, 'bicg': 62, 'covariance': 36, 'durbin': 2, 'dynprog': 62, 'floyd-warshall': 54, 'gemver': 46, 'jacobi-1d-imper': 26, 'jacobi-2d-imper': 62, 'ludcmp': 51, 'mvt': 26, 'reg_detect': 54, 'seidel-2d': 56, 'symm': 2, 'syr2k': 77, 'syrk': 51, 'trmm': 54}"
gcc,3,"['exec', 'ctime', 'size']",11,"[2, 4, 26, 36, 46, 51, 54, 56, 59, 62, 77]",1,3751032312.0,0.17006860200547336,0.3751134970544266,0.1628553380487189,0.2984034833091437,both,"{'3mm': 46, 'adi': 56, 'atax': 59, 'bicg': 62, 'covariance': 36, 'durbin': 2, 'dynprog': 62, 'floyd-warshall': 54, 'gemver': 46, 'jacobi-1d-imper': 26, 'jacobi-2d-imper': 62, 'ludcmp': 51, 'mvt': 26, 'reg_detect': 54, 'seidel-2d': 56, 'symm': 2, 'syr2k': 77, 'syrk': 51, 'trmm': 54}"
gcc,3,"['exec', 'ctime', 'size']",1,[56],2,3751044943.0,0.23653620260036892,0.3751134970544266,0.18498724139746311,0.26734194581088927,both,"{'2mm': 56, 'bicg': 56, 'durbin': 56, 'dynprog': 56, 'fdtd-2d': 56, 'fdtd-apml': 56, 'floyd-warshall': 56, 'gemm': 56, 'gesummv': 56, 'jacobi-1d-imper': 56, 'lu': 56, 'ludcmp': 56, 'mvt': 56, 'reg_detect': 56, 'seidel-2d': 56, 'symm': 56, 'syr2k': 56, 'trisolv': 56, 'trmm': 56}"
gcc,3,"['exec', 'ctime', 'size']",2,"[54, 56]",2,3751038988.0,0.20520328059009796,0.3751134970544266,0.1686506063868687,0.25496673343720727,both,"{'2mm': 54, 'bicg': 56, 'durbin': 54, 'dynprog': 56, 'fdtd-2d': 56, 'fdtd-apml': 54, 'floyd-warshall': 54, 'gemm': 56, 'gesummv': 54, 'jacobi-1d-imper': 54, 'lu': 56, 'ludcmp': 54, 'mvt': 54, 'reg_detect': 54, 'seidel-2d': 56, 'symm': 54, 'syr2k': 54, 'trisolv': 56, 'trmm': 54}"
gcc,3,"['exec', 'ctime', 'size']",3,"[2, 54, 56]",2,3751036716.0,0.1932388778570913,0.3751134970544266,0.1686506063868687,0.25496673343720727,both,"{'2mm': 54, 'bicg': 56, 'durbin': 2, 'dynprog': 56, 'fdtd-2d': 56, 'fdtd-apml': 54, 'floyd-warshall': 54, 'gemm': 56, 'gesummv': 54, 'jacobi-1d-imper': 54, 'lu': 56, 'ludcmp': 54, 'mvt': 54, 'reg_detect': 54, 'seidel-2d': 56, 'symm': 2, 'syr2k': 54, 'trisolv': 56, 'trmm': 54}"
gcc,3,"['exec', 'ctime', 'size']",4,"[2, 36, 54, 56]",2,3751034943.0,0.18390873431642146,0.3751134970544266,0.16415522934982557,0.25496673343720727,both,"{'2mm': 54, 'bicg': 36, 'durbin': 2, 'dynprog': 56, 'fdtd-2d': 36, 'fdtd-apml': 54, 'floyd-warshall': 54, 'gemm': 36, 'gesummv': 54, 'jacobi-1d-imper': 54, 'lu': 56, 'ludcmp': 54, 'mvt': 54, 'reg_detect': 54, 'seidel-2d': 56, 'symm': 2, 'syr2k': 54, 'trisolv': 56, 'trmm': 54}"
gcc,3,"['exec', 'ctime', 'size']",5,"[2, 26, 36, 54, 56]",2,3751034198.0,0.17997798291394415,0.3751134970544266,0.1609569351067552,0.25496673343720727,both,"{'2mm': 26, 'bicg': 36, 'durbin': 2, 'dynprog': 56, 'fdtd-2d': 36, 'fdtd-apml': 54, 'floyd-warshall': 54, 'gemm': 36, 'gesummv': 54, 'jacobi-1d-imper': 26, 'lu': 56, 'ludcmp': 54, 'mvt': 26, 'reg_detect': 54, 'seidel-2d': 56, 'symm': 2, 'syr2k': 54, 'trisolv': 26, 'trmm': 54}"
gcc,3,"['exec', 'ctime', 'size']",6,"[2, 26, 36, 54, 56, 62]",2,3751033752.0,0.17763397431837477,0.3751134970544266,0.15166459372486157,0.25496673343720727,both,"{'2mm': 26, 'bicg': 62, 'durbin': 2, 'dynprog': 62, 'fdtd-2d': 36, 'fdtd-apml': 54, 'floyd-warshall': 54, 'gemm': 36, 'gesummv': 54, 'jacobi-1d-imper': 26, 'lu': 56, 'ludcmp': 54, 'mvt': 26, 'reg_detect': 54, 'seidel-2d': 56, 'symm': 2, 'syr2k': 54, 'trisolv': 62, 'trmm': 54}"
gcc,3,"['exec', 'ctime', 'size']",7,"[2, 26, 36, 48, 54, 56, 62]",2,3751033517.0,0.1763955842254955,0.3751134970544266,0.15166459372486157,0.25496673343720727,both,"{'2mm': 26, 'bicg': 62, 'durbin': 2, 'dynprog': 62, 'fdtd-2d': 36, 'fdtd-apml': 54, 'floyd-warshall': 54, 'gemm': 36, 'gesummv': 48, 'jacobi-1d-imper': 26, 'lu': 56, 'ludcmp': 54, 'mvt': 26, 'reg_detect': 54, 'seidel-2d': 56, 'symm': 2, 'syr2k': 54, 'trisolv': 62, 'trmm': 54}"
gcc,3,"['exec', 'ctime', 'size']",8,"[2, 26, 36, 48, 54, 56, 62, 77]",2,3751033321.0,0.17536309870547537,0.3751134970544266,0.15166459372486157,0.25496673343720727,both,"{'2mm': 26, 'bicg': 62, 'durbin': 2, 'dynprog': 62, 'fdtd-2d': 77, 'fdtd-apml': 54, 'floyd-warshall': 54, 'gemm': 36, 'gesummv': 48, 'jacobi-1d-imper': 26, 'lu': 56, 'ludcmp': 54, 'mvt': 26, 'reg_detect': 54, 'seidel-2d': 56, 'symm': 2, 'syr2k': 77, 'trisolv': 62, 'trmm': 54}"
gcc,3,"['exec', 'ctime', 'size']",9,"[2, 26, 36, 48, 51, 54, 56, 62, 77]",2,3751033260.0,0.1750447881104248,0.3751134970544266,0.15136355800022885,0.2532467494244646,both,"{'2mm': 26, 'bicg': 62, 'durbin': 2, 'dynprog': 62, 'fdtd-2d': 77, 'fdtd-apml': 54, 'floyd-warshall': 54, 'gemm': 36, 'gesummv': 48, 'jacobi-1d-imper': 26, 'lu': 56, 'ludcmp': 51, 'mvt': 26, 'reg_detect': 54, 'seidel-2d': 56, 'symm': 2, 'syr2k': 77, 'trisolv': 62, 'trmm': 54}"
gcc,3,"['exec', 'ctime', 'size']",10,"[2, 26, 36, 48, 51, 54, 56, 58, 62, 77]",2,3751033231.0,0.1748903138745204,0.3751134970544266,0.15136355800022885,0.2532467494244646,both,"{'2mm': 26, 'bicg': 62, 'durbin': 2, 'dynprog': 62, 'fdtd-2d': 77, 'fdtd-apml': 54, 'floyd-warshall': 54, 'gemm': 36, 'gesummv': 48, 'jacobi-1d-imper': 26, 'lu': 56, 'ludcmp': 51, 'mvt': 26, 'reg_detect': 54, 'seidel-2d': 56, 'symm': 2, 'syr2k': 77, 'trisolv': 58, 'trmm': 54}"
gcc,3,"['exec', 'ctime', 'size']",11,"[2, 4, 26, 36, 48, 51, 54, 56, 58, 62, 77]",2,3751033231.0,0.1748903138745204,0.3751134970544266,0.15136355800022885,0.2532467494244646,both,"{'2mm': 26, 'bicg': 62, 'durbin': 2, 'dynprog': 62, 'fdtd-2d': 77, 'fdtd-apml': 54, 'floyd-warshall': 54, 'gemm': 36, 'gesummv': 48, 'jacobi-1d-imper': 26, 'lu': 56, 'ludcmp': 51, 'mvt': 26, 'reg_detect': 54, 'seidel-2d': 56, 'symm': 2, 'syr2k': 77, 'trisolv': 58, 'trmm': 54}"
gcc,3,"['exec', 'ctime', 'size']",1,[56],3,3751043206.0,0.21602379345330364,0.3751134970544266,0.24477044502052983,0.31578947368421056,both,"{'2mm': 56, '3mm': 56, 'adi': 56, 'atax': 56, 'covariance': 56, 'durbin': 56, 'dynprog': 56, 'fdtd-2d': 56, 'fdtd-apml': 56, 'floyd-warshall': 56, 'gemm': 56, 'gemver': 56, 'gesummv': 56, 'jacobi-1d-imper': 56, 'jacobi-2d-imper': 56, 'lu': 56, 'reg_detect': 56, 'seidel-2d': 56, 'syrk': 56, 'trisolv': 56}"
gcc,3,"['exec', 'ctime', 'size']",2,"[26, 56]",3,3751038022.0,0.1901032660136562,0.3751134970544266,0.21536460842256244,0.2894736842105262,both,"{'2mm': 26, '3mm': 26, 'adi': 56, 'atax': 26, 'covariance': 56, 'durbin': 56, 'dynprog': 56, 'fdtd-2d': 56, 'fdtd-apml': 56, 'floyd-warshall': 56, 'gemm': 26, 'gemver': 26, 'gesummv': 26, 'jacobi-1d-imper': 26, 'jacobi-2d-imper': 56, 'lu': 56, 'reg_detect': 26, 'seidel-2d': 56, 'syrk': 26, 'trisolv': 26}"
gcc,3,"['exec', 'ctime', 'size']",3,"[2, 26, 56]",3,3751035749.0,0.17873962965001985,0.3751134970544266,0.2118923862003402,0.2894736842105262,both,"{'2mm': 26, '3mm': 26, 'adi': 56, 'atax': 26, 'covariance': 56, 'durbin': 2, 'dynprog': 56, 'fdtd-2d': 56, 'fdtd-apml': 56, 'floyd-warshall': 56, 'gemm': 26, 'gemver': 26, 'gesummv': 26, 'jacobi-1d-imper': 26, 'jacobi-2d-imper': 56, 'lu': 56, 'reg_detect': 26, 'seidel-2d': 56, 'syrk': 26, 'trisolv': 26}"
gcc,3,"['exec', 'ctime', 'size']",4,"[2, 26, 54, 56]",3,3751034774.0,0.17386301084271497,0.3751134970544266,0.1927319954435455,0.2894736842105262,both,"{'2mm': 26, '3mm': 26, 'adi': 56, 'atax': 26, 'covariance': 56, 'durbin': 2, 'dynprog': 56, 'fdtd-2d': 56, 'fdtd-apml': 54, 'floyd-warshall': 54, 'gemm': 26, 'gemver': 26, 'gesummv': 54, 'jacobi-1d-imper': 26, 'jacobi-2d-imper': 56, 'lu': 56, 'reg_detect': 54, 'seidel-2d': 56, 'syrk': 54, 'trisolv': 26}"
gcc,3,"['exec', 'ctime', 'size']",5,"[2, 26, 36, 54, 56]",3,3751033900.0,0.16949441242254765,0.3751134970544266,0.1927319954435455,0.2894736842105262,both,"{'2mm': 26, '3mm': 26, 'adi': 56, 'atax': 36, 'covariance': 36, 'durbin': 2, 'dynprog': 56, 'fdtd-2d': 36, 'fdtd-apml': 54, 'floyd-warshall': 54, 'gemm': 36, 'gemver': 26, 'gesummv': 54, 'jacobi-1d-imper': 26, 'jacobi-2d-imper': 56, 'lu': 56, 'reg_detect': 54, 'seidel-2d': 56, 'syrk': 54, 'trisolv': 26}"
gcc,3,"['exec', 'ctime', 'size']",6,"[2, 26, 36, 54, 56, 62]",3,3751033198.0,0.16598896898362028,0.3751134970544266,0.18615304807512448,0.253562853584541,both,"{'2mm': 26, '3mm': 26, 'adi': 56, 'atax': 36, 'covariance': 36, 'durbin': 2, 'dynprog': 62, 'fdtd-2d': 36, 'fdtd-apml': 54, 'floyd-warshall': 54, 'gemm': 36, 'gemver': 62, 'gesummv': 54, 'jacobi-1d-imper': 26, 'jacobi-2d-imper': 62, 'lu': 56, 'reg_detect': 54, 'seidel-2d': 56, 'syrk': 54, 'trisolv': 62}"
gcc,3,"['exec', 'ctime', 'size']",7,"[2, 26, 36, 46, 54, 56, 59]",3,3751032936.0,0.16467561781652662,0.3751134970544266,0.1927319954435455,0.2894736842105262,both,"{'2mm': 26, '3mm': 46, 'adi': 56, 'atax': 59, 'covariance': 36, 'durbin': 2, 'dynprog': 56, 'fdtd-2d': 36, 'fdtd-apml': 54, 'floyd-warshall': 54, 'gemm': 36, 'gemver': 46, 'gesummv': 54, 'jacobi-1d-imper': 26, 'jacobi-2d-imper': 59, 'lu': 56, 'reg_detect': 54, 'seidel-2d': 56, 'syrk': 54, 'trisolv': 46}"
gcc,3,"['exec', 'ctime', 'size']",8,"[2, 26, 36, 46, 48, 54, 56, 59]",3,3751032701.0,0.16349914722829134,0.3751134970544266,0.1927319954435455,0.2894736842105262,both,"{'2mm': 26, '3mm': 46, 'adi': 56, 'atax': 59, 'covariance': 36, 'durbin': 2, 'dynprog': 56, 'fdtd-2d': 36, 'fdtd-apml': 54, 'floyd-warshall': 54, 'gemm': 36, 'gemver': 46, 'gesummv': 48, 'jacobi-1d-imper': 26, 'jacobi-2d-imper': 59, 'lu': 56, 'reg_detect': 54, 'seidel-2d': 56, 'syrk': 54, 'trisolv': 46}"
gcc,3,"['exec', 'ctime', 'size']",9,"[2, 26, 36, 46, 48, 54, 56, 59, 62]",3,3751032583.0,0.16291141072143303,0.3751134970544266,0.18615304807512448,0.253562853584541,both,"{'2mm': 26, '3mm': 46, 'adi': 56, 'atax': 59, 'covariance': 36, 'durbin': 2, 'dynprog': 62, 'fdtd-2d': 36, 'fdtd-apml': 54, 'floyd-warshall': 54, 'gemm': 36, 'gemver': 46, 'gesummv': 48, 'jacobi-1d-imper': 26, 'jacobi-2d-imper': 62, 'lu': 56, 'reg_detect': 54, 'seidel-2d': 56, 'syrk': 54, 'trisolv': 46}"
gcc,3,"['exec', 'ctime', 'size']",10,"[2, 26, 36, 46, 48, 54, 56, 59, 62, 77]",3,3751032493.0,0.16245686526688757,0.3751134970544266,0.1843986621102122,0.253562853584541,both,"{'2mm': 26, '3mm': 46, 'adi': 56, 'atax': 59, 'covariance': 36, 'durbin': 2, 'dynprog': 62, 'fdtd-2d': 77, 'fdtd-apml': 54, 'floyd-warshall': 54, 'gemm': 36, 'gemver': 46, 'gesummv': 48, 'jacobi-1d-imper': 26, 'jacobi-2d-imper': 62, 'lu': 56, 'reg_detect': 54, 'seidel-2d': 56, 'syrk': 54, 'trisolv': 46}"
gcc,3,"['exec', 'ctime', 'size']",11,"[2, 26, 36, 46, 48, 54, 56, 58, 59, 62, 77]",3,3751032466.0,0.16231979060151086,0.3751134970544266,0.1843986621102122,0.253562853584541,both,"{'2mm': 26, '3mm': 46, 'adi': 56, 'atax': 59, 'covariance': 36, 'durbin': 2, 'dynprog': 62, 'fdtd-2d': 77, 'fdtd-apml': 54, 'floyd-warshall': 54, 'gemm': 36, 'gemver': 46, 'gesummv': 48, 'jacobi-1d-imper': 26, 'jacobi-2d-imper': 62, 'lu': 56, 'reg_detect': 54, 'seidel-2d': 56, 'syrk': 54, 'trisolv': 58}"
gcc,3,"['exec', 'ctime', 'size']",12,"[2, 26, 36, 46, 48, 51, 54, 56, 58, 59, 62, 77]",3,3751032448.0,0.1622337914008737,0.3751134970544266,0.18339067855921867,0.253562853584541,both,"{'2mm': 26, '3mm': 46, 'adi': 56, 'atax': 59, 'covariance': 36, 'durbin': 2, 'dynprog': 62, 'fdtd-2d': 77, 'fdtd-apml': 54, 'floyd-warshall': 54, 'gemm': 36, 'gemver': 46, 'gesummv': 48, 'jacobi-1d-imper': 26, 'jacobi-2d-imper': 62, 'lu': 56, 'reg_detect': 54, 'seidel-2d': 56, 'syrk': 51, 'trisolv': 58}"
gcc,3,"['exec', 'ctime', 'size']",13,"[2, 4, 26, 36, 46, 48, 51, 54, 56, 58, 59, 62, 77]",3,3751032448.0,0.1622337914008737,0.3751134970544266,0.18339067855921867,0.253562853584541,both,"{'2mm': 26, '3mm': 46, 'adi': 56, 'atax': 59, 'covariance': 36, 'durbin': 2, 'dynprog': 62, 'fdtd-2d': 77, 'fdtd-apml': 54, 'floyd-warshall': 54, 'gemm': 36, 'gemver': 46, 'gesummv': 48, 'jacobi-1d-imper': 26, 'jacobi-2d-imper': 62, 'lu': 56, 'reg_detect': 54, 'seidel-2d': 56, 'syrk': 51, 'trisolv': 58}"
gcc,3,"['exec', 'ctime', 'size']",1,[56],4,3158042617.0,0.21308211432210283,0.31578947368421056,0.2545760421245324,0.3751134970544266,both,"{'2mm': 56, '3mm': 56, 'adi': 56, 'atax': 56, 'bicg': 56, 'covariance': 56, 'fdtd-2d': 56, 'fdtd-apml': 56, 'gemm': 56, 'gemver': 56, 'gesummv': 56, 'jacobi-2d-imper': 56, 'lu': 56, 'ludcmp': 56, 'mvt': 56, 'symm': 56, 'syr2k': 56, 'syrk': 56, 'trisolv': 56, 'trmm': 56}"
gcc,3,"['exec', 'ctime', 'size']",2,"[46, 77]",4,2984038117.0,0.19059189386467817,0.2984034833091437,0.23044251874147462,0.3753794699496486,both,"{'2mm': 77, '3mm': 46, 'adi': 77, 'atax': 46, 'bicg': 77, 'covariance': 46, 'fdtd-2d': 77, 'fdtd-apml': 46, 'gemm': 46, 'gemver': 46, 'gesummv': 46, 'jacobi-2d-imper': 46, 'lu': 46, 'ludcmp': 77, 'mvt': 46, 'symm': 77, 'syr2k': 77, 'syrk': 77, 'trisolv': 46, 'trmm': 46}"
gcc,3,"['exec', 'ctime', 'size']",3,"[36, 54, 58]",4,2957035841.0,0.17920290572023406,0.2956619900016094,0.22814862831324487,0.3752663550401864,both,"{'2mm': 54, '3mm': 36, 'adi': 36, 'atax': 36, 'bicg': 36, 'covariance': 36, 'fdtd-2d': 36, 'fdtd-apml': 54, 'gemm': 36, 'gemver': 36, 'gesummv': 54, 'jacobi-2d-imper': 36, 'lu': 54, 'ludcmp': 54, 'mvt': 54, 'symm': 36, 'syr2k': 54, 'syrk': 54, 'trisolv': 58, 'trmm': 54}"
gcc,3,"['exec', 'ctime', 'size']",4,"[36, 54, 58, 62]",4,2957034408.0,0.17204072214868865,0.2956619900016094,0.22273708676913573,0.3752663550401864,both,"{'2mm': 54, '3mm': 36, 'adi': 36, 'atax': 36, 'bicg': 62, 'covariance': 36, 'fdtd-2d': 36, 'fdtd-apml': 54, 'gemm': 36, 'gemver': 62, 'gesummv': 54, 'jacobi-2d-imper': 62, 'lu': 62, 'ludcmp': 54, 'mvt': 54, 'symm': 36, 'syr2k': 54, 'syrk': 54, 'trisolv': 58, 'trmm': 54}"
gcc,3,"['exec', 'ctime', 'size']",5,"[26, 36, 54, 58, 62]",4,2957033509.0,0.1675428021177892,0.2956619900016094,0.21404143459522265,0.3752663550401864,both,"{'2mm': 26, '3mm': 26, 'adi': 26, 'atax': 36, 'bicg': 62, 'covariance': 36, 'fdtd-2d': 36, 'fdtd-apml': 54, 'gemm': 36, 'gemver': 62, 'gesummv': 54, 'jacobi-2d-imper': 62, 'lu': 26, 'ludcmp': 54, 'mvt': 26, 'symm': 26, 'syr2k': 54, 'syrk': 54, 'trisolv': 58, 'trmm': 54}"
gcc,3,"['exec', 'ctime', 'size']",6,"[26, 36, 48, 54, 58, 62]",4,2957033274.0,0.16636633152955393,0.2956619900016094,0.21404143459522265,0.3752663550401864,both,"{'2mm': 26, '3mm': 26, 'adi': 26, 'atax': 36, 'bicg': 62, 'covariance': 36, 'fdtd-2d': 36, 'fdtd-apml': 54, 'gemm': 36, 'gemver': 62, 'gesummv': 48, 'jacobi-2d-imper': 62, 'lu': 26, 'ludcmp': 54, 'mvt': 26, 'symm': 26, 'syr2k': 54, 'syrk': 54, 'trisolv': 58, 'trmm': 54}"
gcc,3,"['exec', 'ctime', 'size']",7,"[26, 36, 48, 54, 58, 62, 77]",4,2957033041.0,0.16520096844051635,0.2956619900016094,0.21404143459522265,0.3752663550401864,both,"{'2mm': 26, '3mm': 26, 'adi': 77, 'atax': 36, 'bicg': 62, 'covariance': 36, 'fdtd-2d': 77, 'fdtd-apml': 54, 'gemm': 36, 'gemver': 62, 'gesummv': 48, 'jacobi-2d-imper': 62, 'lu': 26, 'ludcmp': 54, 'mvt': 26, 'symm': 26, 'syr2k': 77, 'syrk': 54, 'trisolv': 58, 'trmm': 54}"
gcc,3,"['exec', 'ctime', 'size']",8,"[26, 36, 46, 48, 54, 58, 62, 77]",4,2957032822.0,0.1641046375559999,0.2956619900016094,0.209881634174093,0.3752663550401864,both,"{'2mm': 26, '3mm': 46, 'adi': 77, 'atax': 36, 'bicg': 62, 'covariance': 36, 'fdtd-2d': 77, 'fdtd-apml': 54, 'gemm': 36, 'gemver': 46, 'gesummv': 48, 'jacobi-2d-imper': 62, 'lu': 26, 'ludcmp': 54, 'mvt': 26, 'symm': 26, 'syr2k': 77, 'syrk': 54, 'trisolv': 58, 'trmm': 54}"
gcc,3,"['exec', 'ctime', 'size']",9,"[2, 26, 36, 46, 48, 54, 58, 62, 77]",4,2957032614.0,0.16306297088933325,0.2956619900016094,0.18483471482959057,0.3752663550401864,both,"{'2mm': 26, '3mm': 46, 'adi': 77, 'atax': 36, 'bicg': 62, 'covariance': 36, 'fdtd-2d': 77, 'fdtd-apml': 54, 'gemm': 36, 'gemver': 46, 'gesummv': 48, 'jacobi-2d-imper': 62, 'lu': 26, 'ludcmp': 54, 'mvt': 26, 'symm': 2, 'syr2k': 77, 'syrk': 54, 'trisolv': 58, 'trmm': 54}"
gcc,3,"['exec', 'ctime', 'size']",10,"[2, 26, 36, 46, 48, 54, 58, 59, 62, 77]",4,2957032455.0,0.16226788995863017,0.2956619900016094,0.18483471482959057,0.3752663550401864,both,"{'2mm': 26, '3mm': 46, 'adi': 77, 'atax': 59, 'bicg': 62, 'covariance': 36, 'fdtd-2d': 77, 'fdtd-apml': 54, 'gemm': 36, 'gemver': 46, 'gesummv': 48, 'jacobi-2d-imper': 62, 'lu': 26, 'ludcmp': 54, 'mvt': 26, 'symm': 2, 'syr2k': 77, 'syrk': 54, 'trisolv': 58, 'trmm': 54}"
gcc,3,"['exec', 'ctime', 'size']",11,"[2, 26, 36, 46, 48, 51, 54, 58, 59, 62, 77]",4,2957032376.0,0.16187949569269497,0.2956619900016094,0.18483471482959057,0.3752663550401864,both,"{'2mm': 26, '3mm': 46, 'adi': 77, 'atax': 59, 'bicg': 62, 'covariance': 36, 'fdtd-2d': 77, 'fdtd-apml': 54, 'gemm': 36, 'gemver': 46, 'gesummv': 48, 'jacobi-2d-imper': 62, 'lu': 26, 'ludcmp': 51, 'mvt': 26, 'symm': 2, 'syr2k': 77, 'syrk': 51, 'trisolv': 58, 'trmm': 54}"
gcc,3,"['exec', 'ctime', 'size']",12,"[2, 26, 36, 46, 48, 51, 54, 56, 58, 59, 62, 77]",4,2957032362.0,0.16180822341905013,0.2956619900016094,0.1848092384986306,0.3751134970544266,both,"{'2mm': 26, '3mm': 46, 'adi': 56, 'atax': 59, 'bicg': 62, 'covariance': 36, 'fdtd-2d': 77, 'fdtd-apml': 54, 'gemm': 36, 'gemver': 46, 'gesummv': 48, 'jacobi-2d-imper': 62, 'lu': 56, 'ludcmp': 51, 'mvt': 26, 'symm': 2, 'syr2k': 77, 'syrk': 51, 'trisolv': 58, 'trmm': 54}"
gcc,3,"['exec', 'ctime', 'size']",13,"[0, 2, 26, 36, 46, 48, 51, 54, 56, 58, 59, 62, 77]",4,2957032362.0,0.16180822341905013,0.2956619900016094,0.1848092384986306,0.3751134970544266,both,"{'2mm': 26, '3mm': 46, 'adi': 56, 'atax': 59, 'bicg': 62, 'covariance': 36, 'fdtd-2d': 77, 'fdtd-apml': 54, 'gemm': 36, 'gemver': 46, 'gesummv': 48, 'jacobi-2d-imper': 62, 'lu': 56, 'ludcmp': 51, 'mvt': 26, 'symm': 2, 'syr2k': 77, 'syrk': 51, 'trisolv': 58, 'trmm': 54}"
